{
  "${modID}:CharacterID": {
    "NAMES": [
      "The Name (Displayed in character select)",
      "the Name (but 'the' is lowercase, this is displayed at the top left during gameplay)"
    ],
    "TEXT": [
      "Line #1 of character select description. NL Line 2 of character select description.",
      " NL Text displayed when smacking the heart. The next one is used for the Vampires event. Usually you just change the last bit.",
      "Navigating an unlit street, you come across several hooded figures in the midst of some dark ritual. As you approach, they turn to you in eerie unison. The tallest among them bares fanged teeth and extends a long, pale hand towards you. NL ~\"Join~ ~us~ ~basic~ ~one,~ ~and~ ~feel~ ~the~ ~warmth~ ~of~ ~the~ ~Spire.\"~"
    ]
  },
  "Silent": {
    "NAMES": [
      "Big Bandit",
      "big bandit"
    ],
    "TEXT": [
      "A Bandit boss. NL Came to the Spire in search of riches... And perhaps love?"
    ]
},
  "Defect": {
    "NAMES": [
      "Sir Grodus",
      "sir grodus"
    ],
    "TEXT": [
      "The nasty creature that kidnapped Peach. NL He's into world domination. NL Some hobby, huh?"
    ]
  },
  "Watcher": {
    "NAMES": [
      "The Master",
      "the master"
    ],
    "TEXT": [
      "The Master never backs down from a Challenge. NL He came to the Spire in search of new fighting techniques."
    ]
  },
  "Ironclad": {
    "NAMES": [
      "Mario",
      "mario"
    ],
    "TEXT": [
      "Yahoooooo!! NL Let's A Goooo!!"
    ]
  }
}