{
  "${modID}:Example": {
    "TEXT": [
      "This is",
      "an array of Strings."
    ],
    "EXTRA_TEXT": [
      "This is another",
      "array of Strings."
    ],
    "TEXT_DICT": {
      "This": "Contains pairs of Strings, used to get values based on keys.",
      "This is a key": "This is a value."
    }
  },
  "CharacterSelectScreen": {
    "TEXT": [
      "Choose Player One",
      "Embark",
      "Mario",
      "Big Bandit",
      "Sir Grodus",
      "Back",
      "Ascension",
      "Level ",
      "Ascension Mode",
      "Runs get harder as you win... (Winstreaks are unaffected)",
      "Seed ",
      "Random Seed",
      "The starting seed is used to determine what randomly appears in the run.",
      "Set Seed",
      "The Master"
    ]
  },
  "AbstractPlayer": {
    "TEXT": [
      "Blocked",
      "mario",
      "big bandit",
      "sir grodus",
      "the master"
    ]
  }
}