<AnimatedActor>
	<Info CreatedBy="Temple9" CreatedOn="2022/4/20 0:01:03" Version="11" Fps="30"/>
	<Content>
		<Spritesheets>
			<Spritesheet Path="AcidSlime_S.png" Id="0"/>
		</Spritesheets>
		<Layers>
			<Layer Name="AcidSlime_S" Id="0" SpritesheetId="0"/>
		</Layers>
		<Nulls/>
		<Events/>
	</Content>
	<Animations DefaultAnimation="idle">
		<Animation Name="idle" FrameNum="60" Loop="true">
			<RootAnimation>
				<Frame XPosition="0" YPosition="0" XScale="100" YScale="100" Delay="60" Visible="true" RedTint="255" GreenTint="255" BlueTint="255" AlphaTint="255" RedOffset="0" GreenOffset="0" BlueOffset="0" Rotation="0" Interpolated="false"/>
			</RootAnimation>
			<LayerAnimations>
				<LayerAnimation LayerId="0" Visible="true">
					<Frame XPosition="0" YPosition="0" XPivot="230" YPivot="346" XCrop="0" YCrop="0" Width="400" Height="400" XScale="80" YScale="80" Delay="30" Visible="true" RedTint="255" GreenTint="255" BlueTint="255" AlphaTint="255" RedOffset="0" GreenOffset="0" BlueOffset="0" Rotation="0" Interpolated="true"/>
					<Frame XPosition="0" YPosition="0" XPivot="230" YPivot="346" XCrop="0" YCrop="0" Width="400" Height="400" XScale="84" YScale="77" Delay="29" Visible="true" RedTint="255" GreenTint="255" BlueTint="255" AlphaTint="255" RedOffset="0" GreenOffset="0" BlueOffset="0" Rotation="0" Interpolated="true"/>
					<Frame XPosition="0" YPosition="0" XPivot="230" YPivot="346" XCrop="0" YCrop="0" Width="400" Height="400" XScale="80" YScale="80" Delay="1" Visible="true" RedTint="255" GreenTint="255" BlueTint="255" AlphaTint="255" RedOffset="0" GreenOffset="0" BlueOffset="0" Rotation="0" Interpolated="false"/>
				</LayerAnimation>
			</LayerAnimations>
			<NullAnimations/>
			<Triggers/>
		</Animation>
	</Animations>
</AnimatedActor>
