<AnimatedActor>
	<Info CreatedBy="Temple9" CreatedOn="2022/6/25 22:18:40" Version="6" Fps="30"/>
	<Content>
		<Spritesheets>
			<Spritesheet Path="AwakenedOne_lower_beak.png" Id="0"/>
			<Spritesheet Path="AwakenedOne_upper_beak.png" Id="1"/>
			<Spritesheet Path="AwakenedOne_rightLeg.png" Id="2"/>
			<Spritesheet Path="AwakenedOne_leftLeg.png" Id="3"/>
			<Spritesheet Path="AwakenedOne_leftHand.png" Id="4"/>
			<Spritesheet Path="AwakenedOne_rightHand.png" Id="5"/>
			<Spritesheet Path="AwakenedOne_body.png" Id="6"/>
			<Spritesheet Path="AwakenedOne_eye_3.png" Id="7"/>
			<Spritesheet Path="AwakenedOne_eye_2.png" Id="8"/>
			<Spritesheet Path="AwakenedOne_eye_1.png" Id="9"/>
			<Spritesheet Path="AwakenedOne_feather.png" Id="10"/>
			<Spritesheet Path="AwakenedOne_awakened_body.png" Id="11"/>
		</Spritesheets>
		<Layers>
			<Layer Name="lower_beak" Id="0" SpritesheetId="0"/>
			<Layer Name="upper_beak" Id="1" SpritesheetId="1"/>
			<Layer Name="rightLeg" Id="2" SpritesheetId="2"/>
			<Layer Name="leftLeg" Id="3" SpritesheetId="3"/>
			<Layer Name="leftHand" Id="4" SpritesheetId="4"/>
			<Layer Name="rightHand" Id="5" SpritesheetId="5"/>
			<Layer Name="body" Id="6" SpritesheetId="6"/>
			<Layer Name="awakenedBody" Id="7" SpritesheetId="11"/>
			<Layer Name="eye3" Id="8" SpritesheetId="7"/>
			<Layer Name="eye2" Id="9" SpritesheetId="8"/>
			<Layer Name="eye1" Id="10" SpritesheetId="9"/>
			<Layer Name="feather" Id="11" SpritesheetId="10"/>
		</Layers>
		<Nulls/>
		<Events>
			<Event Name="loop" Id="0"/>
		</Events>
	</Content>
	<Animations DefaultAnimation="idle">
		<Animation Name="idle" FrameNum="60" Loop="true">
			<RootAnimation>
				<Frame XPosition="0" YPosition="0" XScale="100" YScale="100" Delay="60" Visible="true" RedTint="255" GreenTint="255" BlueTint="255" AlphaTint="255" RedOffset="0" GreenOffset="0" BlueOffset="0" Rotation="0" Interpolated="false"/>
			</RootAnimation>
			<LayerAnimations>
				<LayerAnimation LayerId="0" Visible="true"/>
				<LayerAnimation LayerId="1" Visible="true"/>
				<LayerAnimation LayerId="2" Visible="true">
					<Frame XPosition="25" YPosition="-100" XPivot="240" YPivot="350" XCrop="0" YCrop="0" Width="450" Height="450" XScale="100" YScale="100" Delay="30" Visible="true" RedTint="255" GreenTint="255" BlueTint="255" AlphaTint="255" RedOffset="0" GreenOffset="0" BlueOffset="0" Rotation="0" Interpolated="true"/>
					<Frame XPosition="25" YPosition="-100" XPivot="240" YPivot="350" XCrop="0" YCrop="0" Width="450" Height="450" XScale="97" YScale="105" Delay="29" Visible="true" RedTint="255" GreenTint="255" BlueTint="255" AlphaTint="255" RedOffset="0" GreenOffset="0" BlueOffset="0" Rotation="5" Interpolated="true"/>
					<Frame XPosition="25" YPosition="-100" XPivot="240" YPivot="350" XCrop="0" YCrop="0" Width="450" Height="450" XScale="100" YScale="100" Delay="1" Visible="true" RedTint="255" GreenTint="255" BlueTint="255" AlphaTint="255" RedOffset="0" GreenOffset="0" BlueOffset="0" Rotation="0" Interpolated="false"/>
				</LayerAnimation>
				<LayerAnimation LayerId="3" Visible="true">
					<Frame XPosition="-20" YPosition="-50" XPivot="205" YPivot="400" XCrop="0" YCrop="0" Width="450" Height="450" XScale="100" YScale="100" Delay="30" Visible="true" RedTint="255" GreenTint="255" BlueTint="255" AlphaTint="255" RedOffset="0" GreenOffset="0" BlueOffset="0" Rotation="0" Interpolated="true"/>
					<Frame XPosition="-13" YPosition="-56" XPivot="205" YPivot="400" XCrop="0" YCrop="0" Width="450" Height="450" XScale="97" YScale="105" Delay="29" Visible="true" RedTint="255" GreenTint="255" BlueTint="255" AlphaTint="255" RedOffset="0" GreenOffset="0" BlueOffset="0" Rotation="15" Interpolated="true"/>
					<Frame XPosition="-20" YPosition="-50" XPivot="205" YPivot="400" XCrop="0" YCrop="0" Width="450" Height="450" XScale="100" YScale="100" Delay="1" Visible="true" RedTint="255" GreenTint="255" BlueTint="255" AlphaTint="255" RedOffset="0" GreenOffset="0" BlueOffset="0" Rotation="0" Interpolated="false"/>
				</LayerAnimation>
				<LayerAnimation LayerId="5" Visible="true">
					<Frame XPosition="-120" YPosition="-80" XPivot="105" YPivot="370" XCrop="0" YCrop="0" Width="450" Height="450" XScale="100" YScale="100" Delay="30" Visible="true" RedTint="255" GreenTint="255" BlueTint="255" AlphaTint="255" RedOffset="0" GreenOffset="0" BlueOffset="0" Rotation="0" Interpolated="true"/>
					<Frame XPosition="-110" YPosition="-95" XPivot="105" YPivot="370" XCrop="0" YCrop="0" Width="450" Height="450" XScale="97" YScale="140" Delay="29" Visible="true" RedTint="255" GreenTint="255" BlueTint="255" AlphaTint="255" RedOffset="0" GreenOffset="0" BlueOffset="0" Rotation="-4" Interpolated="true"/>
					<Frame XPosition="-120" YPosition="-80" XPivot="105" YPivot="370" XCrop="0" YCrop="0" Width="450" Height="450" XScale="100" YScale="100" Delay="1" Visible="true" RedTint="255" GreenTint="255" BlueTint="255" AlphaTint="255" RedOffset="0" GreenOffset="0" BlueOffset="0" Rotation="0" Interpolated="false"/>
				</LayerAnimation>
				<LayerAnimation LayerId="6" Visible="true">
					<Frame XPosition="0" YPosition="0" XPivot="225" YPivot="450" XCrop="0" YCrop="0" Width="450" Height="450" XScale="100" YScale="100" Delay="30" Visible="true" RedTint="255" GreenTint="255" BlueTint="255" AlphaTint="255" RedOffset="0" GreenOffset="0" BlueOffset="0" Rotation="0" Interpolated="true"/>
					<Frame XPosition="0" YPosition="-5" XPivot="225" YPivot="450" XCrop="0" YCrop="0" Width="450" Height="450" XScale="97" YScale="104" Delay="29" Visible="true" RedTint="255" GreenTint="255" BlueTint="255" AlphaTint="255" RedOffset="0" GreenOffset="0" BlueOffset="0" Rotation="5" Interpolated="true"/>
					<Frame XPosition="0" YPosition="0" XPivot="225" YPivot="450" XCrop="0" YCrop="0" Width="450" Height="450" XScale="100" YScale="100" Delay="1" Visible="true" RedTint="255" GreenTint="255" BlueTint="255" AlphaTint="255" RedOffset="0" GreenOffset="0" BlueOffset="0" Rotation="0" Interpolated="false"/>
				</LayerAnimation>
				<LayerAnimation LayerId="4" Visible="true">
					<Frame XPosition="-98" YPosition="-75" XPivot="127" YPivot="375" XCrop="0" YCrop="0" Width="450" Height="450" XScale="100" YScale="100" Delay="30" Visible="true" RedTint="255" GreenTint="255" BlueTint="255" AlphaTint="255" RedOffset="0" GreenOffset="0" BlueOffset="0" Rotation="0" Interpolated="true"/>
					<Frame XPosition="-89" YPosition="-91" XPivot="127" YPivot="375" XCrop="0" YCrop="0" Width="450" Height="450" XScale="97" YScale="120" Delay="29" Visible="true" RedTint="255" GreenTint="255" BlueTint="255" AlphaTint="255" RedOffset="0" GreenOffset="0" BlueOffset="0" Rotation="-8" Interpolated="true"/>
					<Frame XPosition="-98" YPosition="-75" XPivot="127" YPivot="375" XCrop="0" YCrop="0" Width="450" Height="450" XScale="100" YScale="100" Delay="1" Visible="true" RedTint="255" GreenTint="255" BlueTint="255" AlphaTint="255" RedOffset="0" GreenOffset="0" BlueOffset="0" Rotation="0" Interpolated="false"/>
				</LayerAnimation>
				<LayerAnimation LayerId="7" Visible="true"/>
				<LayerAnimation LayerId="10" Visible="true"/>
				<LayerAnimation LayerId="8" Visible="true"/>
				<LayerAnimation LayerId="9" Visible="true"/>
				<LayerAnimation LayerId="11" Visible="true"/>
			</LayerAnimations>
			<NullAnimations/>
			<Triggers/>
		</Animation>
		<Animation Name="attack" FrameNum="15" Loop="false">
			<RootAnimation>
				<Frame XPosition="0" YPosition="0" XScale="100" YScale="100" Delay="15" Visible="true" RedTint="255" GreenTint="255" BlueTint="255" AlphaTint="255" RedOffset="0" GreenOffset="0" BlueOffset="0" Rotation="0" Interpolated="false"/>
			</RootAnimation>
			<LayerAnimations>
				<LayerAnimation LayerId="0" Visible="true"/>
				<LayerAnimation LayerId="1" Visible="true"/>
				<LayerAnimation LayerId="2" Visible="true">
					<Frame XPosition="25" YPosition="-100" XPivot="240" YPivot="350" XCrop="0" YCrop="0" Width="450" Height="450" XScale="100" YScale="100" Delay="5" Visible="true" RedTint="255" GreenTint="255" BlueTint="255" AlphaTint="255" RedOffset="0" GreenOffset="0" BlueOffset="0" Rotation="0" Interpolated="true"/>
					<Frame XPosition="110" YPosition="-99" XPivot="240" YPivot="350" XCrop="0" YCrop="0" Width="450" Height="450" XScale="80" YScale="120" Delay="3" Visible="true" RedTint="255" GreenTint="255" BlueTint="255" AlphaTint="255" RedOffset="0" GreenOffset="0" BlueOffset="0" Rotation="35" Interpolated="true"/>
					<Frame XPosition="21" YPosition="-86" XPivot="240" YPivot="350" XCrop="0" YCrop="0" Width="450" Height="450" XScale="140" YScale="80" Delay="6" Visible="true" RedTint="255" GreenTint="255" BlueTint="255" AlphaTint="255" RedOffset="0" GreenOffset="0" BlueOffset="0" Rotation="0" Interpolated="true"/>
					<Frame XPosition="25" YPosition="-100" XPivot="240" YPivot="350" XCrop="0" YCrop="0" Width="450" Height="450" XScale="100" YScale="100" Delay="1" Visible="true" RedTint="255" GreenTint="255" BlueTint="255" AlphaTint="255" RedOffset="0" GreenOffset="0" BlueOffset="0" Rotation="0" Interpolated="false"/>
				</LayerAnimation>
				<LayerAnimation LayerId="3" Visible="true">
					<Frame XPosition="-20" YPosition="-50" XPivot="205" YPivot="400" XCrop="0" YCrop="0" Width="450" Height="450" XScale="100" YScale="100" Delay="5" Visible="true" RedTint="255" GreenTint="255" BlueTint="255" AlphaTint="255" RedOffset="0" GreenOffset="0" BlueOffset="0" Rotation="0" Interpolated="true"/>
					<Frame XPosition="56" YPosition="-73" XPivot="205" YPivot="400" XCrop="0" YCrop="0" Width="450" Height="450" XScale="100" YScale="90" Delay="3" Visible="true" RedTint="255" GreenTint="255" BlueTint="255" AlphaTint="255" RedOffset="0" GreenOffset="0" BlueOffset="0" Rotation="35" Interpolated="true"/>
					<Frame XPosition="-42" YPosition="-31" XPivot="205" YPivot="400" XCrop="0" YCrop="0" Width="450" Height="450" XScale="150" YScale="70" Delay="6" Visible="true" RedTint="255" GreenTint="255" BlueTint="255" AlphaTint="255" RedOffset="0" GreenOffset="0" BlueOffset="0" Rotation="-5" Interpolated="true"/>
					<Frame XPosition="-20" YPosition="-50" XPivot="205" YPivot="400" XCrop="0" YCrop="0" Width="450" Height="450" XScale="100" YScale="100" Delay="1" Visible="true" RedTint="255" GreenTint="255" BlueTint="255" AlphaTint="255" RedOffset="0" GreenOffset="0" BlueOffset="0" Rotation="0" Interpolated="false"/>
				</LayerAnimation>
				<LayerAnimation LayerId="5" Visible="true">
					<Frame XPosition="-120" YPosition="-80" XPivot="105" YPivot="370" XCrop="0" YCrop="0" Width="450" Height="450" XScale="100" YScale="100" Delay="5" Visible="true" RedTint="255" GreenTint="255" BlueTint="255" AlphaTint="255" RedOffset="0" GreenOffset="0" BlueOffset="0" Rotation="0" Interpolated="true"/>
					<Frame XPosition="26" YPosition="-152" XPivot="105" YPivot="370" XCrop="0" YCrop="0" Width="450" Height="450" XScale="80" YScale="120" Delay="1" Visible="true" RedTint="255" GreenTint="255" BlueTint="255" AlphaTint="255" RedOffset="0" GreenOffset="0" BlueOffset="0" Rotation="180" Interpolated="true"/>
					<Frame XPosition="-56" YPosition="-143" XPivot="105" YPivot="370" XCrop="0" YCrop="0" Width="450" Height="450" XScale="100" YScale="103" Delay="1" Visible="true" RedTint="255" GreenTint="255" BlueTint="255" AlphaTint="255" RedOffset="0" GreenOffset="0" BlueOffset="0" Rotation="117" Interpolated="true"/>
					<Frame XPosition="-124" YPosition="-97" XPivot="105" YPivot="370" XCrop="0" YCrop="0" Width="450" Height="450" XScale="120" YScale="87" Delay="1" Visible="true" RedTint="255" GreenTint="255" BlueTint="255" AlphaTint="255" RedOffset="0" GreenOffset="0" BlueOffset="0" Rotation="53" Interpolated="true"/>
					<Frame XPosition="-177" YPosition="-24" XPivot="105" YPivot="370" XCrop="0" YCrop="0" Width="450" Height="450" XScale="140" YScale="70" Delay="6" Visible="true" RedTint="255" GreenTint="255" BlueTint="255" AlphaTint="255" RedOffset="0" GreenOffset="0" BlueOffset="0" Rotation="-10" Interpolated="true"/>
					<Frame XPosition="-120" YPosition="-80" XPivot="105" YPivot="370" XCrop="0" YCrop="0" Width="450" Height="450" XScale="100" YScale="100" Delay="1" Visible="true" RedTint="255" GreenTint="255" BlueTint="255" AlphaTint="255" RedOffset="0" GreenOffset="0" BlueOffset="0" Rotation="0" Interpolated="false"/>
				</LayerAnimation>
				<LayerAnimation LayerId="6" Visible="true">
					<Frame XPosition="0" YPosition="0" XPivot="225" YPivot="450" XCrop="0" YCrop="0" Width="450" Height="450" XScale="100" YScale="100" Delay="5" Visible="true" RedTint="255" GreenTint="255" BlueTint="255" AlphaTint="255" RedOffset="0" GreenOffset="0" BlueOffset="0" Rotation="0" Interpolated="true"/>
					<Frame XPosition="0" YPosition="-20" XPivot="225" YPivot="450" XCrop="0" YCrop="0" Width="450" Height="450" XScale="80" YScale="120" Delay="3" Visible="true" RedTint="255" GreenTint="255" BlueTint="255" AlphaTint="255" RedOffset="0" GreenOffset="0" BlueOffset="0" Rotation="60" Interpolated="true"/>
					<Frame XPosition="0" YPosition="0" XPivot="225" YPivot="450" XCrop="0" YCrop="0" Width="450" Height="450" XScale="140" YScale="70" Delay="6" Visible="true" RedTint="255" GreenTint="255" BlueTint="255" AlphaTint="255" RedOffset="0" GreenOffset="0" BlueOffset="0" Rotation="-10" Interpolated="true"/>
					<Frame XPosition="0" YPosition="0" XPivot="225" YPivot="450" XCrop="0" YCrop="0" Width="450" Height="450" XScale="100" YScale="100" Delay="1" Visible="true" RedTint="255" GreenTint="255" BlueTint="255" AlphaTint="255" RedOffset="0" GreenOffset="0" BlueOffset="0" Rotation="0" Interpolated="false"/>
				</LayerAnimation>
				<LayerAnimation LayerId="4" Visible="true">
					<Frame XPosition="-98" YPosition="-75" XPivot="127" YPivot="375" XCrop="0" YCrop="0" Width="450" Height="450" XScale="100" YScale="100" Delay="3" Visible="true" RedTint="255" GreenTint="255" BlueTint="255" AlphaTint="255" RedOffset="0" GreenOffset="0" BlueOffset="0" Rotation="0" Interpolated="true"/>
					<Frame XPosition="-21" YPosition="-129" XPivot="127" YPivot="375" XCrop="0" YCrop="0" Width="450" Height="450" XScale="88" YScale="112" Delay="2" Visible="true" RedTint="255" GreenTint="255" BlueTint="255" AlphaTint="255" RedOffset="0" GreenOffset="0" BlueOffset="0" Rotation="108" Interpolated="true"/>
					<Frame XPosition="33" YPosition="-127" XPivot="127" YPivot="375" XCrop="0" YCrop="0" Width="450" Height="450" XScale="80" YScale="120" Delay="1" Visible="true" RedTint="255" GreenTint="255" BlueTint="255" AlphaTint="255" RedOffset="0" GreenOffset="0" BlueOffset="0" Rotation="180" Interpolated="true"/>
					<Frame XPosition="-31" YPosition="-132" XPivot="127" YPivot="375" XCrop="0" YCrop="0" Width="450" Height="450" XScale="100" YScale="103" Delay="1" Visible="true" RedTint="255" GreenTint="255" BlueTint="255" AlphaTint="255" RedOffset="0" GreenOffset="0" BlueOffset="0" Rotation="120" Interpolated="true"/>
					<Frame XPosition="-98" YPosition="-97" XPivot="127" YPivot="375" XCrop="0" YCrop="0" Width="450" Height="450" XScale="120" YScale="87" Delay="1" Visible="true" RedTint="255" GreenTint="255" BlueTint="255" AlphaTint="255" RedOffset="0" GreenOffset="0" BlueOffset="0" Rotation="60" Interpolated="true"/>
					<Frame XPosition="-144" YPosition="-29" XPivot="127" YPivot="375" XCrop="0" YCrop="0" Width="450" Height="450" XScale="140" YScale="70" Delay="6" Visible="true" RedTint="255" GreenTint="255" BlueTint="255" AlphaTint="255" RedOffset="0" GreenOffset="0" BlueOffset="0" Rotation="0" Interpolated="true"/>
					<Frame XPosition="-98" YPosition="-75" XPivot="127" YPivot="375" XCrop="0" YCrop="0" Width="450" Height="450" XScale="100" YScale="100" Delay="1" Visible="true" RedTint="255" GreenTint="255" BlueTint="255" AlphaTint="255" RedOffset="0" GreenOffset="0" BlueOffset="0" Rotation="0" Interpolated="false"/>
				</LayerAnimation>
				<LayerAnimation LayerId="7" Visible="true"/>
				<LayerAnimation LayerId="10" Visible="true"/>
				<LayerAnimation LayerId="8" Visible="true"/>
				<LayerAnimation LayerId="9" Visible="true"/>
				<LayerAnimation LayerId="11" Visible="true"/>
			</LayerAnimations>
			<NullAnimations/>
			<Triggers>
				<Trigger EventId="0" AtFrame="14"/>
			</Triggers>
		</Animation>
		<Animation Name="hit" FrameNum="7" Loop="false">
			<RootAnimation>
				<Frame XPosition="0" YPosition="0" XScale="100" YScale="100" Delay="7" Visible="true" RedTint="255" GreenTint="255" BlueTint="255" AlphaTint="255" RedOffset="0" GreenOffset="0" BlueOffset="0" Rotation="0" Interpolated="false"/>
			</RootAnimation>
			<LayerAnimations>
				<LayerAnimation LayerId="0" Visible="true"/>
				<LayerAnimation LayerId="1" Visible="true"/>
				<LayerAnimation LayerId="2" Visible="true">
					<Frame XPosition="25" YPosition="-100" XPivot="240" YPivot="350" XCrop="0" YCrop="0" Width="450" Height="450" XScale="100" YScale="100" Delay="2" Visible="true" RedTint="255" GreenTint="255" BlueTint="255" AlphaTint="255" RedOffset="0" GreenOffset="0" BlueOffset="0" Rotation="0" Interpolated="true"/>
					<Frame XPosition="36" YPosition="-90" XPivot="240" YPivot="350" XCrop="0" YCrop="0" Width="450" Height="450" XScale="97" YScale="105" Delay="4" Visible="true" RedTint="255" GreenTint="255" BlueTint="255" AlphaTint="255" RedOffset="0" GreenOffset="0" BlueOffset="0" Rotation="16" Interpolated="true"/>
					<Frame XPosition="25" YPosition="-100" XPivot="240" YPivot="350" XCrop="0" YCrop="0" Width="450" Height="450" XScale="100" YScale="100" Delay="1" Visible="true" RedTint="255" GreenTint="255" BlueTint="255" AlphaTint="255" RedOffset="0" GreenOffset="0" BlueOffset="0" Rotation="0" Interpolated="false"/>
				</LayerAnimation>
				<LayerAnimation LayerId="3" Visible="true">
					<Frame XPosition="-20" YPosition="-50" XPivot="205" YPivot="400" XCrop="0" YCrop="0" Width="450" Height="450" XScale="100" YScale="100" Delay="2" Visible="true" RedTint="255" GreenTint="255" BlueTint="255" AlphaTint="255" RedOffset="0" GreenOffset="0" BlueOffset="0" Rotation="0" Interpolated="true"/>
					<Frame XPosition="18" YPosition="-32" XPivot="205" YPivot="400" XCrop="0" YCrop="0" Width="450" Height="450" XScale="110" YScale="90" Delay="4" Visible="true" RedTint="255" GreenTint="255" BlueTint="255" AlphaTint="255" RedOffset="0" GreenOffset="0" BlueOffset="0" Rotation="-14" Interpolated="true"/>
					<Frame XPosition="-20" YPosition="-50" XPivot="205" YPivot="400" XCrop="0" YCrop="0" Width="450" Height="450" XScale="100" YScale="100" Delay="1" Visible="true" RedTint="255" GreenTint="255" BlueTint="255" AlphaTint="255" RedOffset="0" GreenOffset="0" BlueOffset="0" Rotation="0" Interpolated="false"/>
				</LayerAnimation>
				<LayerAnimation LayerId="5" Visible="true">
					<Frame XPosition="-120" YPosition="-80" XPivot="105" YPivot="370" XCrop="0" YCrop="0" Width="450" Height="450" XScale="100" YScale="100" Delay="2" Visible="true" RedTint="255" GreenTint="255" BlueTint="255" AlphaTint="255" RedOffset="0" GreenOffset="0" BlueOffset="0" Rotation="0" Interpolated="true"/>
					<Frame XPosition="-78" YPosition="-12" XPivot="105" YPivot="370" XCrop="0" YCrop="0" Width="450" Height="450" XScale="97" YScale="140" Delay="4" Visible="true" RedTint="255" GreenTint="255" BlueTint="255" AlphaTint="255" RedOffset="0" GreenOffset="0" BlueOffset="0" Rotation="40" Interpolated="true"/>
					<Frame XPosition="-120" YPosition="-80" XPivot="105" YPivot="370" XCrop="0" YCrop="0" Width="450" Height="450" XScale="100" YScale="100" Delay="1" Visible="true" RedTint="255" GreenTint="255" BlueTint="255" AlphaTint="255" RedOffset="0" GreenOffset="0" BlueOffset="0" Rotation="0" Interpolated="false"/>
				</LayerAnimation>
				<LayerAnimation LayerId="6" Visible="true">
					<Frame XPosition="0" YPosition="0" XPivot="225" YPivot="450" XCrop="0" YCrop="0" Width="450" Height="450" XScale="100" YScale="100" Delay="2" Visible="true" RedTint="255" GreenTint="255" BlueTint="255" AlphaTint="255" RedOffset="0" GreenOffset="0" BlueOffset="0" Rotation="0" Interpolated="true"/>
					<Frame XPosition="60" YPosition="-5" XPivot="225" YPivot="450" XCrop="0" YCrop="0" Width="450" Height="450" XScale="105" YScale="80" Delay="4" Visible="true" RedTint="255" GreenTint="255" BlueTint="255" AlphaTint="255" RedOffset="0" GreenOffset="0" BlueOffset="0" Rotation="-20" Interpolated="true"/>
					<Frame XPosition="0" YPosition="0" XPivot="225" YPivot="450" XCrop="0" YCrop="0" Width="450" Height="450" XScale="100" YScale="100" Delay="1" Visible="true" RedTint="255" GreenTint="255" BlueTint="255" AlphaTint="255" RedOffset="0" GreenOffset="0" BlueOffset="0" Rotation="0" Interpolated="false"/>
				</LayerAnimation>
				<LayerAnimation LayerId="4" Visible="true">
					<Frame XPosition="-98" YPosition="-75" XPivot="127" YPivot="375" XCrop="0" YCrop="0" Width="450" Height="450" XScale="100" YScale="100" Delay="2" Visible="true" RedTint="255" GreenTint="255" BlueTint="255" AlphaTint="255" RedOffset="0" GreenOffset="0" BlueOffset="0" Rotation="0" Interpolated="true"/>
					<Frame XPosition="-56" YPosition="-30" XPivot="127" YPivot="375" XCrop="0" YCrop="0" Width="450" Height="450" XScale="107" YScale="90" Delay="4" Visible="true" RedTint="255" GreenTint="255" BlueTint="255" AlphaTint="255" RedOffset="0" GreenOffset="0" BlueOffset="0" Rotation="20" Interpolated="true"/>
					<Frame XPosition="-98" YPosition="-75" XPivot="127" YPivot="375" XCrop="0" YCrop="0" Width="450" Height="450" XScale="100" YScale="100" Delay="1" Visible="true" RedTint="255" GreenTint="255" BlueTint="255" AlphaTint="255" RedOffset="0" GreenOffset="0" BlueOffset="0" Rotation="0" Interpolated="false"/>
				</LayerAnimation>
				<LayerAnimation LayerId="7" Visible="true"/>
				<LayerAnimation LayerId="10" Visible="true"/>
				<LayerAnimation LayerId="8" Visible="true"/>
				<LayerAnimation LayerId="9" Visible="true"/>
				<LayerAnimation LayerId="11" Visible="true"/>
			</LayerAnimations>
			<NullAnimations/>
			<Triggers>
				<Trigger EventId="0" AtFrame="6"/>
			</Triggers>
		</Animation>
		<Animation Name="rebirth" FrameNum="16" Loop="true">
			<RootAnimation>
				<Frame XPosition="0" YPosition="0" XScale="100" YScale="100" Delay="16" Visible="true" RedTint="255" GreenTint="255" BlueTint="255" AlphaTint="255" RedOffset="0" GreenOffset="0" BlueOffset="0" Rotation="0" Interpolated="false"/>
			</RootAnimation>
			<LayerAnimations>
				<LayerAnimation LayerId="0" Visible="true">
					<Frame XPosition="0" YPosition="0" XPivot="225" YPivot="450" XCrop="0" YCrop="0" Width="450" Height="450" XScale="100" YScale="100" Delay="8" Visible="false" RedTint="255" GreenTint="255" BlueTint="255" AlphaTint="255" RedOffset="0" GreenOffset="0" BlueOffset="0" Rotation="0" Interpolated="false"/>
					<Frame XPosition="-141" YPosition="-55" XPivot="100" YPivot="412" XCrop="0" YCrop="0" Width="450" Height="450" XScale="120" YScale="90" Delay="7" Visible="true" RedTint="255" GreenTint="255" BlueTint="255" AlphaTint="0" RedOffset="0" GreenOffset="0" BlueOffset="0" Rotation="8" Interpolated="true"/>
					<Frame XPosition="-125" YPosition="-38" XPivot="100" YPivot="412" XCrop="0" YCrop="0" Width="450" Height="450" XScale="100" YScale="100" Delay="1" Visible="true" RedTint="255" GreenTint="255" BlueTint="255" AlphaTint="255" RedOffset="0" GreenOffset="0" BlueOffset="0" Rotation="0" Interpolated="false"/>
				</LayerAnimation>
				<LayerAnimation LayerId="1" Visible="true">
					<Frame XPosition="0" YPosition="0" XPivot="225" YPivot="450" XCrop="0" YCrop="0" Width="450" Height="450" XScale="100" YScale="100" Delay="8" Visible="false" RedTint="255" GreenTint="255" BlueTint="255" AlphaTint="255" RedOffset="0" GreenOffset="0" BlueOffset="0" Rotation="0" Interpolated="false"/>
					<Frame XPosition="-141" YPosition="-55" XPivot="100" YPivot="412" XCrop="0" YCrop="0" Width="450" Height="450" XScale="120" YScale="90" Delay="7" Visible="true" RedTint="255" GreenTint="255" BlueTint="255" AlphaTint="0" RedOffset="0" GreenOffset="0" BlueOffset="0" Rotation="8" Interpolated="true"/>
					<Frame XPosition="-125" YPosition="-38" XPivot="100" YPivot="412" XCrop="0" YCrop="0" Width="450" Height="450" XScale="100" YScale="100" Delay="1" Visible="true" RedTint="255" GreenTint="255" BlueTint="255" AlphaTint="255" RedOffset="0" GreenOffset="0" BlueOffset="0" Rotation="0" Interpolated="false"/>
				</LayerAnimation>
				<LayerAnimation LayerId="2" Visible="true">
					<Frame XPosition="25" YPosition="-100" XPivot="240" YPivot="350" XCrop="0" YCrop="0" Width="450" Height="450" XScale="100" YScale="100" Delay="15" Visible="true" RedTint="255" GreenTint="255" BlueTint="255" AlphaTint="255" RedOffset="0" GreenOffset="0" BlueOffset="0" Rotation="0" Interpolated="true"/>
					<Frame XPosition="31" YPosition="-113" XPivot="240" YPivot="350" XCrop="0" YCrop="0" Width="450" Height="450" XScale="90" YScale="120" Delay="1" Visible="true" RedTint="255" GreenTint="255" BlueTint="255" AlphaTint="255" RedOffset="0" GreenOffset="0" BlueOffset="0" Rotation="0" Interpolated="false"/>
				</LayerAnimation>
				<LayerAnimation LayerId="3" Visible="true">
					<Frame XPosition="-20" YPosition="-50" XPivot="205" YPivot="400" XCrop="0" YCrop="0" Width="450" Height="450" XScale="100" YScale="100" Delay="15" Visible="true" RedTint="255" GreenTint="255" BlueTint="255" AlphaTint="255" RedOffset="0" GreenOffset="0" BlueOffset="0" Rotation="0" Interpolated="true"/>
					<Frame XPosition="-20" YPosition="-42" XPivot="205" YPivot="400" XCrop="0" YCrop="0" Width="450" Height="450" XScale="110" YScale="90" Delay="1" Visible="true" RedTint="255" GreenTint="255" BlueTint="255" AlphaTint="255" RedOffset="0" GreenOffset="0" BlueOffset="0" Rotation="0" Interpolated="false"/>
				</LayerAnimation>
				<LayerAnimation LayerId="5" Visible="true">
					<Frame XPosition="-120" YPosition="-80" XPivot="105" YPivot="370" XCrop="0" YCrop="0" Width="450" Height="450" XScale="100" YScale="100" Delay="8" Visible="true" RedTint="255" GreenTint="255" BlueTint="255" AlphaTint="255" RedOffset="0" GreenOffset="0" BlueOffset="0" Rotation="0" Interpolated="true"/>
					<Frame XPosition="-107" YPosition="-86" XPivot="105" YPivot="370" XCrop="0" YCrop="0" Width="450" Height="450" XScale="89" YScale="105" Delay="7" Visible="true" RedTint="255" GreenTint="255" BlueTint="255" AlphaTint="255" RedOffset="0" GreenOffset="0" BlueOffset="0" Rotation="0" Interpolated="true"/>
					<Frame XPosition="-99" YPosition="-92" XPivot="105" YPivot="370" XCrop="0" YCrop="0" Width="450" Height="450" XScale="80" YScale="110" Delay="1" Visible="true" RedTint="255" GreenTint="255" BlueTint="255" AlphaTint="255" RedOffset="0" GreenOffset="0" BlueOffset="0" Rotation="0" Interpolated="false"/>
				</LayerAnimation>
				<LayerAnimation LayerId="6" Visible="true">
					<Frame XPosition="0" YPosition="0" XPivot="225" YPivot="450" XCrop="0" YCrop="0" Width="450" Height="450" XScale="100" YScale="100" Delay="8" Visible="true" RedTint="255" GreenTint="255" BlueTint="255" AlphaTint="255" RedOffset="0" GreenOffset="0" BlueOffset="0" Rotation="0" Interpolated="true"/>
					<Frame XPosition="0" YPosition="0" XPivot="225" YPivot="450" XCrop="0" YCrop="0" Width="450" Height="450" XScale="89" YScale="105" Delay="7" Visible="true" RedTint="255" GreenTint="255" BlueTint="255" AlphaTint="255" RedOffset="0" GreenOffset="0" BlueOffset="0" Rotation="0" Interpolated="true"/>
					<Frame XPosition="0" YPosition="0" XPivot="225" YPivot="450" XCrop="0" YCrop="0" Width="450" Height="450" XScale="80" YScale="110" Delay="1" Visible="true" RedTint="255" GreenTint="255" BlueTint="255" AlphaTint="0" RedOffset="0" GreenOffset="0" BlueOffset="0" Rotation="0" Interpolated="false"/>
				</LayerAnimation>
				<LayerAnimation LayerId="4" Visible="true">
					<Frame XPosition="-98" YPosition="-75" XPivot="127" YPivot="375" XCrop="0" YCrop="0" Width="450" Height="450" XScale="100" YScale="100" Delay="8" Visible="true" RedTint="255" GreenTint="255" BlueTint="255" AlphaTint="255" RedOffset="0" GreenOffset="0" BlueOffset="0" Rotation="0" Interpolated="true"/>
					<Frame XPosition="-86" YPosition="-78" XPivot="127" YPivot="375" XCrop="0" YCrop="0" Width="450" Height="450" XScale="89" YScale="105" Delay="7" Visible="true" RedTint="255" GreenTint="255" BlueTint="255" AlphaTint="255" RedOffset="0" GreenOffset="0" BlueOffset="0" Rotation="0" Interpolated="true"/>
					<Frame XPosition="-66" YPosition="-78" XPivot="127" YPivot="375" XCrop="0" YCrop="0" Width="450" Height="450" XScale="80" YScale="110" Delay="1" Visible="true" RedTint="255" GreenTint="255" BlueTint="255" AlphaTint="255" RedOffset="0" GreenOffset="0" BlueOffset="0" Rotation="0" Interpolated="false"/>
				</LayerAnimation>
				<LayerAnimation LayerId="7" Visible="true">
					<Frame XPosition="0" YPosition="0" XPivot="225" YPivot="450" XCrop="0" YCrop="0" Width="450" Height="450" XScale="100" YScale="100" Delay="8" Visible="true" RedTint="255" GreenTint="255" BlueTint="255" AlphaTint="0" RedOffset="0" GreenOffset="0" BlueOffset="0" Rotation="0" Interpolated="true"/>
					<Frame XPosition="0" YPosition="0" XPivot="225" YPivot="450" XCrop="0" YCrop="0" Width="450" Height="450" XScale="120" YScale="90" Delay="7" Visible="true" RedTint="255" GreenTint="255" BlueTint="255" AlphaTint="0" RedOffset="0" GreenOffset="0" BlueOffset="0" Rotation="8" Interpolated="true"/>
					<Frame XPosition="0" YPosition="0" XPivot="225" YPivot="450" XCrop="0" YCrop="0" Width="450" Height="450" XScale="100" YScale="100" Delay="1" Visible="true" RedTint="255" GreenTint="255" BlueTint="255" AlphaTint="255" RedOffset="0" GreenOffset="0" BlueOffset="0" Rotation="0" Interpolated="false"/>
				</LayerAnimation>
				<LayerAnimation LayerId="10" Visible="true">
					<Frame XPosition="-98" YPosition="-75" XPivot="127" YPivot="375" XCrop="0" YCrop="0" Width="450" Height="450" XScale="100" YScale="100" Delay="8" Visible="false" RedTint="255" GreenTint="255" BlueTint="255" AlphaTint="255" RedOffset="0" GreenOffset="0" BlueOffset="0" Rotation="0" Interpolated="true"/>
					<Frame XPosition="-135" YPosition="-108" XPivot="127" YPivot="375" XCrop="0" YCrop="0" Width="450" Height="450" XScale="120" YScale="90" Delay="7" Visible="true" RedTint="255" GreenTint="255" BlueTint="255" AlphaTint="0" RedOffset="0" GreenOffset="0" BlueOffset="0" Rotation="0" Interpolated="true"/>
					<Frame XPosition="-98" YPosition="-75" XPivot="127" YPivot="375" XCrop="0" YCrop="0" Width="450" Height="450" XScale="100" YScale="100" Delay="1" Visible="true" RedTint="255" GreenTint="255" BlueTint="255" AlphaTint="255" RedOffset="0" GreenOffset="0" BlueOffset="0" Rotation="0" Interpolated="false"/>
				</LayerAnimation>
				<LayerAnimation LayerId="8" Visible="true">
					<Frame XPosition="-98" YPosition="-75" XPivot="127" YPivot="375" XCrop="0" YCrop="0" Width="450" Height="450" XScale="100" YScale="100" Delay="8" Visible="false" RedTint="255" GreenTint="255" BlueTint="255" AlphaTint="255" RedOffset="0" GreenOffset="0" BlueOffset="0" Rotation="0" Interpolated="true"/>
					<Frame XPosition="-135" YPosition="-108" XPivot="127" YPivot="375" XCrop="0" YCrop="0" Width="450" Height="450" XScale="120" YScale="90" Delay="7" Visible="true" RedTint="255" GreenTint="255" BlueTint="255" AlphaTint="0" RedOffset="0" GreenOffset="0" BlueOffset="0" Rotation="0" Interpolated="true"/>
					<Frame XPosition="-98" YPosition="-75" XPivot="127" YPivot="375" XCrop="0" YCrop="0" Width="450" Height="450" XScale="100" YScale="100" Delay="1" Visible="true" RedTint="255" GreenTint="255" BlueTint="255" AlphaTint="255" RedOffset="0" GreenOffset="0" BlueOffset="0" Rotation="0" Interpolated="false"/>
				</LayerAnimation>
				<LayerAnimation LayerId="9" Visible="true">
					<Frame XPosition="-98" YPosition="-75" XPivot="127" YPivot="375" XCrop="0" YCrop="0" Width="450" Height="450" XScale="100" YScale="100" Delay="8" Visible="false" RedTint="255" GreenTint="255" BlueTint="255" AlphaTint="255" RedOffset="0" GreenOffset="0" BlueOffset="0" Rotation="0" Interpolated="true"/>
					<Frame XPosition="-135" YPosition="-108" XPivot="127" YPivot="375" XCrop="0" YCrop="0" Width="450" Height="450" XScale="120" YScale="90" Delay="7" Visible="true" RedTint="255" GreenTint="255" BlueTint="255" AlphaTint="0" RedOffset="0" GreenOffset="0" BlueOffset="0" Rotation="0" Interpolated="true"/>
					<Frame XPosition="-98" YPosition="-75" XPivot="127" YPivot="375" XCrop="0" YCrop="0" Width="450" Height="450" XScale="100" YScale="100" Delay="1" Visible="true" RedTint="255" GreenTint="255" BlueTint="255" AlphaTint="255" RedOffset="0" GreenOffset="0" BlueOffset="0" Rotation="0" Interpolated="false"/>
				</LayerAnimation>
				<LayerAnimation LayerId="11" Visible="true">
					<Frame XPosition="0" YPosition="0" XPivot="225" YPivot="450" XCrop="0" YCrop="0" Width="450" Height="450" XScale="100" YScale="100" Delay="8" Visible="false" RedTint="255" GreenTint="255" BlueTint="255" AlphaTint="255" RedOffset="0" GreenOffset="0" BlueOffset="0" Rotation="0" Interpolated="true"/>
					<Frame XPosition="0" YPosition="0" XPivot="225" YPivot="450" XCrop="0" YCrop="0" Width="450" Height="450" XScale="120" YScale="80" Delay="7" Visible="true" RedTint="255" GreenTint="255" BlueTint="255" AlphaTint="0" RedOffset="0" GreenOffset="0" BlueOffset="0" Rotation="0" Interpolated="true"/>
					<Frame XPosition="0" YPosition="0" XPivot="225" YPivot="450" XCrop="0" YCrop="0" Width="450" Height="450" XScale="100" YScale="100" Delay="1" Visible="true" RedTint="255" GreenTint="255" BlueTint="255" AlphaTint="255" RedOffset="0" GreenOffset="0" BlueOffset="0" Rotation="0" Interpolated="false"/>
				</LayerAnimation>
			</LayerAnimations>
			<NullAnimations/>
			<Triggers>
				<Trigger EventId="0" AtFrame="15"/>
			</Triggers>
		</Animation>
		<Animation Name="awakenedIdle" FrameNum="60" Loop="true">
			<RootAnimation>
				<Frame XPosition="0" YPosition="0" XScale="100" YScale="100" Delay="60" Visible="true" RedTint="255" GreenTint="255" BlueTint="255" AlphaTint="255" RedOffset="0" GreenOffset="0" BlueOffset="0" Rotation="0" Interpolated="false"/>
			</RootAnimation>
			<LayerAnimations>
				<LayerAnimation LayerId="0" Visible="true">
					<Frame XPosition="-125" YPosition="-38" XPivot="100" YPivot="412" XCrop="0" YCrop="0" Width="450" Height="450" XScale="100" YScale="100" Delay="30" Visible="true" RedTint="255" GreenTint="255" BlueTint="255" AlphaTint="255" RedOffset="0" GreenOffset="0" BlueOffset="0" Rotation="0" Interpolated="true"/>
					<Frame XPosition="-135" YPosition="-31" XPivot="100" YPivot="412" XCrop="0" YCrop="0" Width="450" Height="450" XScale="110" YScale="80" Delay="29" Visible="true" RedTint="255" GreenTint="255" BlueTint="255" AlphaTint="255" RedOffset="0" GreenOffset="0" BlueOffset="0" Rotation="0" Interpolated="true"/>
					<Frame XPosition="-125" YPosition="-38" XPivot="100" YPivot="412" XCrop="0" YCrop="0" Width="450" Height="450" XScale="100" YScale="100" Delay="1" Visible="true" RedTint="255" GreenTint="255" BlueTint="255" AlphaTint="255" RedOffset="0" GreenOffset="0" BlueOffset="0" Rotation="0" Interpolated="false"/>
				</LayerAnimation>
				<LayerAnimation LayerId="1" Visible="true">
					<Frame XPosition="-125" YPosition="-38" XPivot="100" YPivot="412" XCrop="0" YCrop="0" Width="450" Height="450" XScale="100" YScale="100" Delay="30" Visible="true" RedTint="255" GreenTint="255" BlueTint="255" AlphaTint="255" RedOffset="0" GreenOffset="0" BlueOffset="0" Rotation="0" Interpolated="true"/>
					<Frame XPosition="-135" YPosition="-31" XPivot="100" YPivot="412" XCrop="0" YCrop="0" Width="450" Height="450" XScale="110" YScale="80" Delay="29" Visible="true" RedTint="255" GreenTint="255" BlueTint="255" AlphaTint="255" RedOffset="0" GreenOffset="0" BlueOffset="0" Rotation="0" Interpolated="true"/>
					<Frame XPosition="-125" YPosition="-38" XPivot="100" YPivot="412" XCrop="0" YCrop="0" Width="450" Height="450" XScale="100" YScale="100" Delay="1" Visible="true" RedTint="255" GreenTint="255" BlueTint="255" AlphaTint="255" RedOffset="0" GreenOffset="0" BlueOffset="0" Rotation="0" Interpolated="false"/>
				</LayerAnimation>
				<LayerAnimation LayerId="2" Visible="true">
					<Frame XPosition="31" YPosition="-113" XPivot="240" YPivot="350" XCrop="0" YCrop="0" Width="450" Height="450" XScale="90" YScale="120" Delay="30" Visible="true" RedTint="255" GreenTint="255" BlueTint="255" AlphaTint="255" RedOffset="0" GreenOffset="0" BlueOffset="0" Rotation="0" Interpolated="true"/>
					<Frame XPosition="33" YPosition="-95" XPivot="240" YPivot="350" XCrop="0" YCrop="0" Width="450" Height="450" XScale="110" YScale="80" Delay="29" Visible="true" RedTint="255" GreenTint="255" BlueTint="255" AlphaTint="255" RedOffset="0" GreenOffset="0" BlueOffset="0" Rotation="0" Interpolated="true"/>
					<Frame XPosition="31" YPosition="-113" XPivot="240" YPivot="350" XCrop="0" YCrop="0" Width="450" Height="450" XScale="90" YScale="120" Delay="1" Visible="true" RedTint="255" GreenTint="255" BlueTint="255" AlphaTint="255" RedOffset="0" GreenOffset="0" BlueOffset="0" Rotation="0" Interpolated="false"/>
				</LayerAnimation>
				<LayerAnimation LayerId="3" Visible="true">
					<Frame XPosition="-20" YPosition="-42" XPivot="205" YPivot="400" XCrop="0" YCrop="0" Width="450" Height="450" XScale="100" YScale="100" Delay="30" Visible="true" RedTint="255" GreenTint="255" BlueTint="255" AlphaTint="255" RedOffset="0" GreenOffset="0" BlueOffset="0" Rotation="0" Interpolated="true"/>
					<Frame XPosition="-23" YPosition="-33" XPivot="205" YPivot="400" XCrop="0" YCrop="0" Width="450" Height="450" XScale="110" YScale="80" Delay="29" Visible="true" RedTint="255" GreenTint="255" BlueTint="255" AlphaTint="255" RedOffset="0" GreenOffset="0" BlueOffset="0" Rotation="0" Interpolated="true"/>
					<Frame XPosition="-20" YPosition="-42" XPivot="205" YPivot="400" XCrop="0" YCrop="0" Width="450" Height="450" XScale="100" YScale="100" Delay="1" Visible="true" RedTint="255" GreenTint="255" BlueTint="255" AlphaTint="255" RedOffset="0" GreenOffset="0" BlueOffset="0" Rotation="0" Interpolated="false"/>
				</LayerAnimation>
				<LayerAnimation LayerId="5" Visible="true">
					<Frame XPosition="-87" YPosition="-82" XPivot="105" YPivot="370" XCrop="0" YCrop="0" Width="450" Height="450" XScale="80" YScale="110" Delay="30" Visible="true" RedTint="255" GreenTint="255" BlueTint="255" AlphaTint="255" RedOffset="0" GreenOffset="0" BlueOffset="0" Rotation="0" Interpolated="true"/>
					<Frame XPosition="-99" YPosition="-72" XPivot="105" YPivot="370" XCrop="0" YCrop="0" Width="450" Height="450" XScale="110" YScale="80" Delay="29" Visible="true" RedTint="255" GreenTint="255" BlueTint="255" AlphaTint="255" RedOffset="0" GreenOffset="0" BlueOffset="0" Rotation="0" Interpolated="true"/>
					<Frame XPosition="-87" YPosition="-82" XPivot="105" YPivot="370" XCrop="0" YCrop="0" Width="450" Height="450" XScale="80" YScale="110" Delay="1" Visible="true" RedTint="255" GreenTint="255" BlueTint="255" AlphaTint="255" RedOffset="0" GreenOffset="0" BlueOffset="0" Rotation="0" Interpolated="false"/>
				</LayerAnimation>
				<LayerAnimation LayerId="6" Visible="true"/>
				<LayerAnimation LayerId="4" Visible="true">
					<Frame XPosition="-66" YPosition="-78" XPivot="127" YPivot="375" XCrop="0" YCrop="0" Width="450" Height="450" XScale="80" YScale="110" Delay="30" Visible="true" RedTint="255" GreenTint="255" BlueTint="255" AlphaTint="255" RedOffset="0" GreenOffset="0" BlueOffset="0" Rotation="0" Interpolated="true"/>
					<Frame XPosition="-75" YPosition="-60" XPivot="127" YPivot="375" XCrop="0" YCrop="0" Width="450" Height="450" XScale="110" YScale="80" Delay="29" Visible="true" RedTint="255" GreenTint="255" BlueTint="255" AlphaTint="255" RedOffset="0" GreenOffset="0" BlueOffset="0" Rotation="0" Interpolated="true"/>
					<Frame XPosition="-66" YPosition="-78" XPivot="127" YPivot="375" XCrop="0" YCrop="0" Width="450" Height="450" XScale="80" YScale="110" Delay="1" Visible="true" RedTint="255" GreenTint="255" BlueTint="255" AlphaTint="255" RedOffset="0" GreenOffset="0" BlueOffset="0" Rotation="0" Interpolated="false"/>
				</LayerAnimation>
				<LayerAnimation LayerId="7" Visible="true">
					<Frame XPosition="0" YPosition="0" XPivot="225" YPivot="450" XCrop="0" YCrop="0" Width="450" Height="450" XScale="100" YScale="100" Delay="30" Visible="true" RedTint="255" GreenTint="255" BlueTint="255" AlphaTint="255" RedOffset="0" GreenOffset="0" BlueOffset="0" Rotation="0" Interpolated="true"/>
					<Frame XPosition="0" YPosition="0" XPivot="225" YPivot="450" XCrop="0" YCrop="0" Width="450" Height="450" XScale="110" YScale="80" Delay="29" Visible="true" RedTint="255" GreenTint="255" BlueTint="255" AlphaTint="255" RedOffset="0" GreenOffset="0" BlueOffset="0" Rotation="0" Interpolated="true"/>
					<Frame XPosition="0" YPosition="0" XPivot="225" YPivot="450" XCrop="0" YCrop="0" Width="450" Height="450" XScale="100" YScale="100" Delay="1" Visible="true" RedTint="255" GreenTint="255" BlueTint="255" AlphaTint="255" RedOffset="0" GreenOffset="0" BlueOffset="0" Rotation="0" Interpolated="false"/>
				</LayerAnimation>
				<LayerAnimation LayerId="10" Visible="true">
					<Frame XPosition="-98" YPosition="-75" XPivot="127" YPivot="375" XCrop="0" YCrop="0" Width="450" Height="450" XScale="100" YScale="100" Delay="30" Visible="true" RedTint="255" GreenTint="255" BlueTint="255" AlphaTint="255" RedOffset="0" GreenOffset="0" BlueOffset="0" Rotation="0" Interpolated="true"/>
					<Frame XPosition="-109" YPosition="-62" XPivot="127" YPivot="375" XCrop="0" YCrop="0" Width="450" Height="450" XScale="110" YScale="80" Delay="29" Visible="true" RedTint="255" GreenTint="255" BlueTint="255" AlphaTint="255" RedOffset="0" GreenOffset="0" BlueOffset="0" Rotation="0" Interpolated="true"/>
					<Frame XPosition="-98" YPosition="-75" XPivot="127" YPivot="375" XCrop="0" YCrop="0" Width="450" Height="450" XScale="100" YScale="100" Delay="1" Visible="true" RedTint="255" GreenTint="255" BlueTint="255" AlphaTint="255" RedOffset="0" GreenOffset="0" BlueOffset="0" Rotation="0" Interpolated="false"/>
				</LayerAnimation>
				<LayerAnimation LayerId="8" Visible="true">
					<Frame XPosition="-98" YPosition="-75" XPivot="127" YPivot="375" XCrop="0" YCrop="0" Width="450" Height="450" XScale="100" YScale="100" Delay="30" Visible="true" RedTint="255" GreenTint="255" BlueTint="255" AlphaTint="255" RedOffset="0" GreenOffset="0" BlueOffset="0" Rotation="0" Interpolated="true"/>
					<Frame XPosition="-109" YPosition="-62" XPivot="127" YPivot="375" XCrop="0" YCrop="0" Width="450" Height="450" XScale="110" YScale="80" Delay="29" Visible="true" RedTint="255" GreenTint="255" BlueTint="255" AlphaTint="255" RedOffset="0" GreenOffset="0" BlueOffset="0" Rotation="0" Interpolated="true"/>
					<Frame XPosition="-98" YPosition="-75" XPivot="127" YPivot="375" XCrop="0" YCrop="0" Width="450" Height="450" XScale="100" YScale="100" Delay="1" Visible="true" RedTint="255" GreenTint="255" BlueTint="255" AlphaTint="255" RedOffset="0" GreenOffset="0" BlueOffset="0" Rotation="0" Interpolated="false"/>
				</LayerAnimation>
				<LayerAnimation LayerId="9" Visible="true">
					<Frame XPosition="-98" YPosition="-75" XPivot="127" YPivot="375" XCrop="0" YCrop="0" Width="450" Height="450" XScale="100" YScale="100" Delay="4" Visible="true" RedTint="255" GreenTint="255" BlueTint="255" AlphaTint="255" RedOffset="0" GreenOffset="0" BlueOffset="0" Rotation="0" Interpolated="true"/>
					<Frame XPosition="-99" YPosition="-73" XPivot="127" YPivot="375" XCrop="0" YCrop="0" Width="450" Height="450" XScale="101" YScale="97" Delay="4" Visible="true" RedTint="255" GreenTint="255" BlueTint="255" AlphaTint="170" RedOffset="0" GreenOffset="0" BlueOffset="0" Rotation="0" Interpolated="true"/>
					<Frame XPosition="-100" YPosition="-71" XPivot="127" YPivot="375" XCrop="0" YCrop="0" Width="450" Height="450" XScale="103" YScale="95" Delay="4" Visible="true" RedTint="255" GreenTint="255" BlueTint="255" AlphaTint="255" RedOffset="0" GreenOffset="0" BlueOffset="0" Rotation="0" Interpolated="true"/>
					<Frame XPosition="-102" YPosition="-69" XPivot="127" YPivot="375" XCrop="0" YCrop="0" Width="450" Height="450" XScale="104" YScale="92" Delay="4" Visible="true" RedTint="255" GreenTint="255" BlueTint="255" AlphaTint="205" RedOffset="0" GreenOffset="0" BlueOffset="0" Rotation="0" Interpolated="true"/>
					<Frame XPosition="-103" YPosition="-68" XPivot="127" YPivot="375" XCrop="0" YCrop="0" Width="450" Height="450" XScale="105" YScale="89" Delay="4" Visible="true" RedTint="255" GreenTint="255" BlueTint="255" AlphaTint="255" RedOffset="0" GreenOffset="0" BlueOffset="0" Rotation="0" Interpolated="true"/>
					<Frame XPosition="-105" YPosition="-66" XPivot="127" YPivot="375" XCrop="0" YCrop="0" Width="450" Height="450" XScale="107" YScale="87" Delay="4" Visible="true" RedTint="255" GreenTint="255" BlueTint="255" AlphaTint="185" RedOffset="0" GreenOffset="0" BlueOffset="0" Rotation="0" Interpolated="true"/>
					<Frame XPosition="-106" YPosition="-64" XPivot="127" YPivot="375" XCrop="0" YCrop="0" Width="450" Height="450" XScale="108" YScale="84" Delay="4" Visible="true" RedTint="255" GreenTint="255" BlueTint="255" AlphaTint="255" RedOffset="0" GreenOffset="0" BlueOffset="0" Rotation="0" Interpolated="true"/>
					<Frame XPosition="-108" YPosition="-62" XPivot="127" YPivot="375" XCrop="0" YCrop="0" Width="450" Height="450" XScale="109" YScale="81" Delay="2" Visible="true" RedTint="255" GreenTint="255" BlueTint="255" AlphaTint="170" RedOffset="0" GreenOffset="0" BlueOffset="0" Rotation="0" Interpolated="true"/>
					<Frame XPosition="-109" YPosition="-62" XPivot="127" YPivot="375" XCrop="0" YCrop="0" Width="450" Height="450" XScale="110" YScale="80" Delay="4" Visible="true" RedTint="255" GreenTint="255" BlueTint="255" AlphaTint="255" RedOffset="0" GreenOffset="0" BlueOffset="0" Rotation="0" Interpolated="true"/>
					<Frame XPosition="-107" YPosition="-63" XPivot="127" YPivot="375" XCrop="0" YCrop="0" Width="450" Height="450" XScale="109" YScale="83" Delay="4" Visible="true" RedTint="255" GreenTint="255" BlueTint="255" AlphaTint="225" RedOffset="0" GreenOffset="0" BlueOffset="0" Rotation="0" Interpolated="true"/>
					<Frame XPosition="-105" YPosition="-65" XPivot="127" YPivot="375" XCrop="0" YCrop="0" Width="450" Height="450" XScale="107" YScale="86" Delay="4" Visible="true" RedTint="255" GreenTint="255" BlueTint="255" AlphaTint="255" RedOffset="0" GreenOffset="0" BlueOffset="0" Rotation="0" Interpolated="true"/>
					<Frame XPosition="-104" YPosition="-67" XPivot="127" YPivot="375" XCrop="0" YCrop="0" Width="450" Height="450" XScale="106" YScale="88" Delay="4" Visible="true" RedTint="255" GreenTint="255" BlueTint="255" AlphaTint="155" RedOffset="0" GreenOffset="0" BlueOffset="0" Rotation="0" Interpolated="true"/>
					<Frame XPosition="-102" YPosition="-69" XPivot="127" YPivot="375" XCrop="0" YCrop="0" Width="450" Height="450" XScale="104" YScale="91" Delay="4" Visible="true" RedTint="255" GreenTint="255" BlueTint="255" AlphaTint="255" RedOffset="0" GreenOffset="0" BlueOffset="0" Rotation="0" Interpolated="true"/>
					<Frame XPosition="-101" YPosition="-70" XPivot="127" YPivot="375" XCrop="0" YCrop="0" Width="450" Height="450" XScale="103" YScale="94" Delay="4" Visible="true" RedTint="255" GreenTint="255" BlueTint="255" AlphaTint="195" RedOffset="0" GreenOffset="0" BlueOffset="0" Rotation="0" Interpolated="true"/>
					<Frame XPosition="-99" YPosition="-72" XPivot="127" YPivot="375" XCrop="0" YCrop="0" Width="450" Height="450" XScale="102" YScale="97" Delay="4" Visible="true" RedTint="255" GreenTint="255" BlueTint="255" AlphaTint="255" RedOffset="0" GreenOffset="0" BlueOffset="0" Rotation="0" Interpolated="true"/>
					<Frame XPosition="-98" YPosition="-74" XPivot="127" YPivot="375" XCrop="0" YCrop="0" Width="450" Height="450" XScale="100" YScale="99" Delay="1" Visible="true" RedTint="255" GreenTint="255" BlueTint="255" AlphaTint="255" RedOffset="0" GreenOffset="0" BlueOffset="0" Rotation="0" Interpolated="false"/>
					<Frame XPosition="-98" YPosition="-75" XPivot="127" YPivot="375" XCrop="0" YCrop="0" Width="450" Height="450" XScale="100" YScale="100" Delay="1" Visible="true" RedTint="255" GreenTint="255" BlueTint="255" AlphaTint="255" RedOffset="0" GreenOffset="0" BlueOffset="0" Rotation="0" Interpolated="false"/>
				</LayerAnimation>
				<LayerAnimation LayerId="11" Visible="true">
					<Frame XPosition="0" YPosition="0" XPivot="225" YPivot="450" XCrop="0" YCrop="0" Width="450" Height="450" XScale="100" YScale="100" Delay="15" Visible="true" RedTint="255" GreenTint="255" BlueTint="255" AlphaTint="255" RedOffset="0" GreenOffset="0" BlueOffset="0" Rotation="0" Interpolated="true"/>
					<Frame XPosition="0" YPosition="0" XPivot="225" YPivot="450" XCrop="0" YCrop="0" Width="450" Height="450" XScale="105" YScale="90" Delay="15" Visible="true" RedTint="255" GreenTint="255" BlueTint="255" AlphaTint="155" RedOffset="0" GreenOffset="0" BlueOffset="0" Rotation="3" Interpolated="true"/>
					<Frame XPosition="0" YPosition="0" XPivot="225" YPivot="450" XCrop="0" YCrop="0" Width="450" Height="450" XScale="110" YScale="80" Delay="15" Visible="true" RedTint="255" GreenTint="255" BlueTint="255" AlphaTint="255" RedOffset="0" GreenOffset="0" BlueOffset="0" Rotation="2" Interpolated="true"/>
					<Frame XPosition="0" YPosition="0" XPivot="225" YPivot="450" XCrop="0" YCrop="0" Width="450" Height="450" XScale="105" YScale="90" Delay="14" Visible="true" RedTint="255" GreenTint="255" BlueTint="255" AlphaTint="155" RedOffset="0" GreenOffset="0" BlueOffset="0" Rotation="-3" Interpolated="true"/>
					<Frame XPosition="0" YPosition="0" XPivot="225" YPivot="450" XCrop="0" YCrop="0" Width="450" Height="450" XScale="100" YScale="100" Delay="1" Visible="true" RedTint="255" GreenTint="255" BlueTint="255" AlphaTint="255" RedOffset="0" GreenOffset="0" BlueOffset="0" Rotation="0" Interpolated="false"/>
				</LayerAnimation>
			</LayerAnimations>
			<NullAnimations/>
			<Triggers/>
		</Animation>
		<Animation Name="awakenedAttack" FrameNum="25" Loop="false">
			<RootAnimation>
				<Frame XPosition="0" YPosition="0" XScale="100" YScale="100" Delay="25" Visible="true" RedTint="255" GreenTint="255" BlueTint="255" AlphaTint="255" RedOffset="0" GreenOffset="0" BlueOffset="0" Rotation="0" Interpolated="false"/>
			</RootAnimation>
			<LayerAnimations>
				<LayerAnimation LayerId="0" Visible="true">
					<Frame XPosition="-125" YPosition="-38" XPivot="100" YPivot="412" XCrop="0" YCrop="0" Width="450" Height="450" XScale="100" YScale="100" Delay="4" Visible="true" RedTint="255" GreenTint="255" BlueTint="255" AlphaTint="255" RedOffset="0" GreenOffset="0" BlueOffset="0" Rotation="0" Interpolated="true"/>
					<Frame XPosition="-114" YPosition="-15" XPivot="100" YPivot="412" XCrop="0" YCrop="0" Width="450" Height="450" XScale="85" YScale="110" Delay="3" Visible="true" RedTint="255" GreenTint="255" BlueTint="255" AlphaTint="255" RedOffset="0" GreenOffset="0" BlueOffset="0" Rotation="-15" Interpolated="true"/>
					<Frame XPosition="-134" YPosition="-95" XPivot="100" YPivot="412" XCrop="0" YCrop="0" Width="450" Height="450" XScale="130" YScale="70" Delay="17" Visible="true" RedTint="255" GreenTint="255" BlueTint="255" AlphaTint="255" RedOffset="0" GreenOffset="0" BlueOffset="0" Rotation="-4.85106182098389" Interpolated="true"/>
					<Frame XPosition="-125" YPosition="-38" XPivot="100" YPivot="412" XCrop="0" YCrop="0" Width="450" Height="450" XScale="100" YScale="100" Delay="1" Visible="true" RedTint="255" GreenTint="255" BlueTint="255" AlphaTint="255" RedOffset="0" GreenOffset="0" BlueOffset="0" Rotation="0" Interpolated="false"/>
				</LayerAnimation>
				<LayerAnimation LayerId="1" Visible="true">
					<Frame XPosition="-125" YPosition="-38" XPivot="100" YPivot="412" XCrop="0" YCrop="0" Width="450" Height="450" XScale="100" YScale="100" Delay="4" Visible="true" RedTint="255" GreenTint="255" BlueTint="255" AlphaTint="255" RedOffset="0" GreenOffset="0" BlueOffset="0" Rotation="0" Interpolated="true"/>
					<Frame XPosition="-114" YPosition="-15" XPivot="100" YPivot="412" XCrop="0" YCrop="0" Width="450" Height="450" XScale="85" YScale="110" Delay="3" Visible="true" RedTint="255" GreenTint="255" BlueTint="255" AlphaTint="255" RedOffset="0" GreenOffset="0" BlueOffset="0" Rotation="-15" Interpolated="true"/>
					<Frame XPosition="-135" YPosition="-97" XPivot="100" YPivot="412" XCrop="0" YCrop="0" Width="450" Height="450" XScale="130" YScale="70" Delay="17" Visible="true" RedTint="255" GreenTint="255" BlueTint="255" AlphaTint="255" RedOffset="0" GreenOffset="0" BlueOffset="0" Rotation="44.0851058959961" Interpolated="true"/>
					<Frame XPosition="-125" YPosition="-38" XPivot="100" YPivot="412" XCrop="0" YCrop="0" Width="450" Height="450" XScale="100" YScale="100" Delay="1" Visible="true" RedTint="255" GreenTint="255" BlueTint="255" AlphaTint="255" RedOffset="0" GreenOffset="0" BlueOffset="0" Rotation="0" Interpolated="false"/>
				</LayerAnimation>
				<LayerAnimation LayerId="2" Visible="true">
					<Frame XPosition="31" YPosition="-113" XPivot="240" YPivot="350" XCrop="0" YCrop="0" Width="450" Height="450" XScale="90" YScale="120" Delay="4" Visible="true" RedTint="255" GreenTint="255" BlueTint="255" AlphaTint="255" RedOffset="0" GreenOffset="0" BlueOffset="0" Rotation="0" Interpolated="true"/>
					<Frame XPosition="-1" YPosition="-128" XPivot="240" YPivot="350" XCrop="0" YCrop="0" Width="450" Height="450" XScale="80" YScale="130" Delay="3" Visible="true" RedTint="255" GreenTint="255" BlueTint="255" AlphaTint="255" RedOffset="0" GreenOffset="0" BlueOffset="0" Rotation="0" Interpolated="true"/>
					<Frame XPosition="63" YPosition="-66" XPivot="240" YPivot="350" XCrop="0" YCrop="0" Width="450" Height="450" XScale="130" YScale="70" Delay="17" Visible="true" RedTint="255" GreenTint="255" BlueTint="255" AlphaTint="255" RedOffset="0" GreenOffset="0" BlueOffset="0" Rotation="26" Interpolated="true"/>
					<Frame XPosition="31" YPosition="-113" XPivot="240" YPivot="350" XCrop="0" YCrop="0" Width="450" Height="450" XScale="90" YScale="120" Delay="1" Visible="true" RedTint="255" GreenTint="255" BlueTint="255" AlphaTint="255" RedOffset="0" GreenOffset="0" BlueOffset="0" Rotation="0" Interpolated="false"/>
				</LayerAnimation>
				<LayerAnimation LayerId="3" Visible="true">
					<Frame XPosition="-20" YPosition="-42" XPivot="205" YPivot="400" XCrop="0" YCrop="0" Width="450" Height="450" XScale="100" YScale="100" Delay="4" Visible="true" RedTint="255" GreenTint="255" BlueTint="255" AlphaTint="255" RedOffset="0" GreenOffset="0" BlueOffset="0" Rotation="0" Interpolated="true"/>
					<Frame XPosition="-20" YPosition="-42" XPivot="205" YPivot="400" XCrop="0" YCrop="0" Width="450" Height="450" XScale="80" YScale="130" Delay="3" Visible="true" RedTint="255" GreenTint="255" BlueTint="255" AlphaTint="255" RedOffset="0" GreenOffset="0" BlueOffset="0" Rotation="0" Interpolated="true"/>
					<Frame XPosition="-5" YPosition="-36" XPivot="205" YPivot="400" XCrop="0" YCrop="0" Width="450" Height="450" XScale="130" YScale="70" Delay="17" Visible="true" RedTint="255" GreenTint="255" BlueTint="255" AlphaTint="255" RedOffset="0" GreenOffset="0" BlueOffset="0" Rotation="26" Interpolated="true"/>
					<Frame XPosition="-20" YPosition="-42" XPivot="205" YPivot="400" XCrop="0" YCrop="0" Width="450" Height="450" XScale="100" YScale="100" Delay="1" Visible="true" RedTint="255" GreenTint="255" BlueTint="255" AlphaTint="255" RedOffset="0" GreenOffset="0" BlueOffset="0" Rotation="0" Interpolated="false"/>
				</LayerAnimation>
				<LayerAnimation LayerId="5" Visible="true">
					<Frame XPosition="-85" YPosition="-83" XPivot="105" YPivot="370" XCrop="0" YCrop="0" Width="450" Height="450" XScale="80" YScale="110" Delay="4" Visible="true" RedTint="255" GreenTint="255" BlueTint="255" AlphaTint="255" RedOffset="0" GreenOffset="0" BlueOffset="0" Rotation="0" Interpolated="true"/>
					<Frame XPosition="-103" YPosition="-83" XPivot="105" YPivot="370" XCrop="0" YCrop="0" Width="450" Height="450" XScale="80" YScale="130" Delay="3" Visible="true" RedTint="255" GreenTint="255" BlueTint="255" AlphaTint="255" RedOffset="0" GreenOffset="0" BlueOffset="0" Rotation="-15" Interpolated="true"/>
					<Frame XPosition="-87" YPosition="-104" XPivot="105" YPivot="370" XCrop="0" YCrop="0" Width="450" Height="450" XScale="90" YScale="120" Delay="17" Visible="true" RedTint="255" GreenTint="255" BlueTint="255" AlphaTint="255" RedOffset="0" GreenOffset="0" BlueOffset="0" Rotation="0" Interpolated="true"/>
					<Frame XPosition="-99" YPosition="-92" XPivot="105" YPivot="370" XCrop="0" YCrop="0" Width="450" Height="450" XScale="80" YScale="110" Delay="1" Visible="true" RedTint="255" GreenTint="255" BlueTint="255" AlphaTint="255" RedOffset="0" GreenOffset="0" BlueOffset="0" Rotation="0" Interpolated="false"/>
				</LayerAnimation>
				<LayerAnimation LayerId="6" Visible="true"/>
				<LayerAnimation LayerId="4" Visible="true">
					<Frame XPosition="-66" YPosition="-78" XPivot="127" YPivot="375" XCrop="0" YCrop="0" Width="450" Height="450" XScale="80" YScale="110" Delay="4" Visible="true" RedTint="255" GreenTint="255" BlueTint="255" AlphaTint="255" RedOffset="0" GreenOffset="0" BlueOffset="0" Rotation="0" Interpolated="true"/>
					<Frame XPosition="-74" YPosition="-64" XPivot="127" YPivot="375" XCrop="0" YCrop="0" Width="450" Height="450" XScale="60" YScale="90" Delay="3" Visible="true" RedTint="255" GreenTint="255" BlueTint="255" AlphaTint="255" RedOffset="0" GreenOffset="0" BlueOffset="0" Rotation="-15" Interpolated="true"/>
					<Frame XPosition="-56" YPosition="-87" XPivot="127" YPivot="375" XCrop="0" YCrop="0" Width="450" Height="450" XScale="90" YScale="120" Delay="17" Visible="true" RedTint="255" GreenTint="255" BlueTint="255" AlphaTint="255" RedOffset="0" GreenOffset="0" BlueOffset="0" Rotation="0" Interpolated="true"/>
					<Frame XPosition="-66" YPosition="-78" XPivot="127" YPivot="375" XCrop="0" YCrop="0" Width="450" Height="450" XScale="80" YScale="110" Delay="1" Visible="true" RedTint="255" GreenTint="255" BlueTint="255" AlphaTint="255" RedOffset="0" GreenOffset="0" BlueOffset="0" Rotation="0" Interpolated="false"/>
				</LayerAnimation>
				<LayerAnimation LayerId="7" Visible="true">
					<Frame XPosition="0" YPosition="0" XPivot="225" YPivot="450" XCrop="0" YCrop="0" Width="450" Height="450" XScale="100" YScale="100" Delay="4" Visible="true" RedTint="255" GreenTint="255" BlueTint="255" AlphaTint="255" RedOffset="0" GreenOffset="0" BlueOffset="0" Rotation="0" Interpolated="true"/>
					<Frame XPosition="0" YPosition="0" XPivot="225" YPivot="450" XCrop="0" YCrop="0" Width="450" Height="450" XScale="85" YScale="110" Delay="3" Visible="true" RedTint="255" GreenTint="255" BlueTint="255" AlphaTint="255" RedOffset="0" GreenOffset="0" BlueOffset="0" Rotation="-15" Interpolated="true"/>
					<Frame XPosition="0" YPosition="0" XPivot="225" YPivot="450" XCrop="0" YCrop="0" Width="450" Height="450" XScale="130" YScale="70" Delay="17" Visible="true" RedTint="255" GreenTint="255" BlueTint="255" AlphaTint="255" RedOffset="0" GreenOffset="0" BlueOffset="0" Rotation="26" Interpolated="true"/>
					<Frame XPosition="0" YPosition="0" XPivot="225" YPivot="450" XCrop="0" YCrop="0" Width="450" Height="450" XScale="100" YScale="100" Delay="1" Visible="true" RedTint="255" GreenTint="255" BlueTint="255" AlphaTint="255" RedOffset="0" GreenOffset="0" BlueOffset="0" Rotation="0" Interpolated="false"/>
				</LayerAnimation>
				<LayerAnimation LayerId="10" Visible="true">
					<Frame XPosition="-98" YPosition="-75" XPivot="127" YPivot="375" XCrop="0" YCrop="0" Width="450" Height="450" XScale="100" YScale="100" Delay="4" Visible="true" RedTint="255" GreenTint="255" BlueTint="255" AlphaTint="255" RedOffset="0" GreenOffset="0" BlueOffset="0" Rotation="0" Interpolated="true"/>
					<Frame XPosition="-104" YPosition="-59" XPivot="127" YPivot="375" XCrop="0" YCrop="0" Width="450" Height="450" XScale="85" YScale="110" Delay="3" Visible="true" RedTint="255" GreenTint="255" BlueTint="255" AlphaTint="255" RedOffset="0" GreenOffset="0" BlueOffset="0" Rotation="-15" Interpolated="true"/>
					<Frame XPosition="-103" YPosition="-119" XPivot="127" YPivot="375" XCrop="0" YCrop="0" Width="450" Height="450" XScale="100" YScale="100" Delay="17" Visible="true" RedTint="255" GreenTint="255" BlueTint="255" AlphaTint="255" RedOffset="0" GreenOffset="0" BlueOffset="0" Rotation="26" Interpolated="true"/>
					<Frame XPosition="-98" YPosition="-75" XPivot="127" YPivot="375" XCrop="0" YCrop="0" Width="450" Height="450" XScale="100" YScale="100" Delay="1" Visible="true" RedTint="255" GreenTint="255" BlueTint="255" AlphaTint="255" RedOffset="0" GreenOffset="0" BlueOffset="0" Rotation="0" Interpolated="false"/>
				</LayerAnimation>
				<LayerAnimation LayerId="8" Visible="true">
					<Frame XPosition="-98" YPosition="-75" XPivot="127" YPivot="375" XCrop="0" YCrop="0" Width="450" Height="450" XScale="100" YScale="100" Delay="4" Visible="true" RedTint="255" GreenTint="255" BlueTint="255" AlphaTint="255" RedOffset="0" GreenOffset="0" BlueOffset="0" Rotation="0" Interpolated="true"/>
					<Frame XPosition="-104" YPosition="-59" XPivot="127" YPivot="375" XCrop="0" YCrop="0" Width="450" Height="450" XScale="85" YScale="110" Delay="3" Visible="true" RedTint="255" GreenTint="255" BlueTint="255" AlphaTint="255" RedOffset="0" GreenOffset="0" BlueOffset="0" Rotation="-15" Interpolated="true"/>
					<Frame XPosition="-103" YPosition="-119" XPivot="127" YPivot="375" XCrop="0" YCrop="0" Width="450" Height="450" XScale="100" YScale="100" Delay="17" Visible="true" RedTint="255" GreenTint="255" BlueTint="255" AlphaTint="255" RedOffset="0" GreenOffset="0" BlueOffset="0" Rotation="26" Interpolated="true"/>
					<Frame XPosition="-98" YPosition="-75" XPivot="127" YPivot="375" XCrop="0" YCrop="0" Width="450" Height="450" XScale="100" YScale="100" Delay="1" Visible="true" RedTint="255" GreenTint="255" BlueTint="255" AlphaTint="255" RedOffset="0" GreenOffset="0" BlueOffset="0" Rotation="0" Interpolated="false"/>
				</LayerAnimation>
				<LayerAnimation LayerId="9" Visible="true">
					<Frame XPosition="-98" YPosition="-75" XPivot="127" YPivot="375" XCrop="0" YCrop="0" Width="450" Height="450" XScale="100" YScale="100" Delay="4" Visible="true" RedTint="255" GreenTint="255" BlueTint="255" AlphaTint="255" RedOffset="0" GreenOffset="0" BlueOffset="0" Rotation="0" Interpolated="true"/>
					<Frame XPosition="-104" YPosition="-59" XPivot="127" YPivot="375" XCrop="0" YCrop="0" Width="450" Height="450" XScale="85" YScale="110" Delay="3" Visible="true" RedTint="255" GreenTint="255" BlueTint="255" AlphaTint="255" RedOffset="0" GreenOffset="0" BlueOffset="0" Rotation="-15" Interpolated="true"/>
					<Frame XPosition="-103" YPosition="-119" XPivot="127" YPivot="375" XCrop="0" YCrop="0" Width="450" Height="450" XScale="100" YScale="100" Delay="17" Visible="true" RedTint="255" GreenTint="255" BlueTint="255" AlphaTint="255" RedOffset="0" GreenOffset="0" BlueOffset="0" Rotation="26" Interpolated="true"/>
					<Frame XPosition="-98" YPosition="-75" XPivot="127" YPivot="375" XCrop="0" YCrop="0" Width="450" Height="450" XScale="100" YScale="100" Delay="1" Visible="true" RedTint="255" GreenTint="255" BlueTint="255" AlphaTint="255" RedOffset="0" GreenOffset="0" BlueOffset="0" Rotation="0" Interpolated="false"/>
				</LayerAnimation>
				<LayerAnimation LayerId="11" Visible="true">
					<Frame XPosition="0" YPosition="0" XPivot="225" YPivot="450" XCrop="0" YCrop="0" Width="450" Height="450" XScale="100" YScale="100" Delay="4" Visible="true" RedTint="255" GreenTint="255" BlueTint="255" AlphaTint="255" RedOffset="0" GreenOffset="0" BlueOffset="0" Rotation="0" Interpolated="true"/>
					<Frame XPosition="0" YPosition="0" XPivot="225" YPivot="450" XCrop="0" YCrop="0" Width="450" Height="450" XScale="85" YScale="110" Delay="3" Visible="true" RedTint="255" GreenTint="255" BlueTint="255" AlphaTint="75" RedOffset="0" GreenOffset="0" BlueOffset="0" Rotation="-15" Interpolated="true"/>
					<Frame XPosition="0" YPosition="0" XPivot="225" YPivot="450" XCrop="0" YCrop="0" Width="450" Height="450" XScale="130" YScale="70" Delay="9" Visible="true" RedTint="255" GreenTint="255" BlueTint="255" AlphaTint="255" RedOffset="0" GreenOffset="0" BlueOffset="0" Rotation="26" Interpolated="true"/>
					<Frame XPosition="0" YPosition="0" XPivot="225" YPivot="450" XCrop="0" YCrop="0" Width="450" Height="450" XScale="114" YScale="86" Delay="8" Visible="true" RedTint="255" GreenTint="255" BlueTint="255" AlphaTint="175" RedOffset="0" GreenOffset="0" BlueOffset="0" Rotation="12" Interpolated="true"/>
					<Frame XPosition="0" YPosition="0" XPivot="225" YPivot="450" XCrop="0" YCrop="0" Width="450" Height="450" XScale="100" YScale="100" Delay="1" Visible="true" RedTint="255" GreenTint="255" BlueTint="255" AlphaTint="255" RedOffset="0" GreenOffset="0" BlueOffset="0" Rotation="0" Interpolated="false"/>
				</LayerAnimation>
			</LayerAnimations>
			<NullAnimations/>
			<Triggers>
				<Trigger EventId="0" AtFrame="24"/>
			</Triggers>
		</Animation>
		<Animation Name="awakenedHit" FrameNum="7" Loop="false">
			<RootAnimation>
				<Frame XPosition="0" YPosition="0" XScale="100" YScale="100" Delay="7" Visible="true" RedTint="255" GreenTint="255" BlueTint="255" AlphaTint="255" RedOffset="0" GreenOffset="0" BlueOffset="0" Rotation="0" Interpolated="false"/>
			</RootAnimation>
			<LayerAnimations>
				<LayerAnimation LayerId="0" Visible="true">
					<Frame XPosition="-125" YPosition="-38" XPivot="100" YPivot="412" XCrop="0" YCrop="0" Width="450" Height="450" XScale="100" YScale="100" Delay="2" Visible="true" RedTint="255" GreenTint="255" BlueTint="255" AlphaTint="255" RedOffset="0" GreenOffset="0" BlueOffset="0" Rotation="0" Interpolated="true"/>
					<Frame XPosition="-37" YPosition="-15" XPivot="100" YPivot="412" XCrop="0" YCrop="0" Width="450" Height="450" XScale="70" YScale="90" Delay="4" Visible="true" RedTint="255" GreenTint="255" BlueTint="255" AlphaTint="255" RedOffset="0" GreenOffset="0" BlueOffset="0" Rotation="0" Interpolated="true"/>
					<Frame XPosition="-125" YPosition="-38" XPivot="100" YPivot="412" XCrop="0" YCrop="0" Width="450" Height="450" XScale="100" YScale="100" Delay="1" Visible="true" RedTint="255" GreenTint="255" BlueTint="255" AlphaTint="255" RedOffset="0" GreenOffset="0" BlueOffset="0" Rotation="0" Interpolated="false"/>
				</LayerAnimation>
				<LayerAnimation LayerId="1" Visible="true">
					<Frame XPosition="-125" YPosition="-38" XPivot="100" YPivot="412" XCrop="0" YCrop="0" Width="450" Height="450" XScale="100" YScale="100" Delay="2" Visible="true" RedTint="255" GreenTint="255" BlueTint="255" AlphaTint="255" RedOffset="0" GreenOffset="0" BlueOffset="0" Rotation="0" Interpolated="true"/>
					<Frame XPosition="-37" YPosition="-15" XPivot="100" YPivot="412" XCrop="0" YCrop="0" Width="450" Height="450" XScale="70" YScale="90" Delay="4" Visible="true" RedTint="255" GreenTint="255" BlueTint="255" AlphaTint="255" RedOffset="0" GreenOffset="0" BlueOffset="0" Rotation="0" Interpolated="true"/>
					<Frame XPosition="-125" YPosition="-38" XPivot="100" YPivot="412" XCrop="0" YCrop="0" Width="450" Height="450" XScale="100" YScale="100" Delay="1" Visible="true" RedTint="255" GreenTint="255" BlueTint="255" AlphaTint="255" RedOffset="0" GreenOffset="0" BlueOffset="0" Rotation="0" Interpolated="false"/>
				</LayerAnimation>
				<LayerAnimation LayerId="2" Visible="true">
					<Frame XPosition="-2" YPosition="-55" XPivot="205" YPivot="400" XCrop="0" YCrop="0" Width="450" Height="450" XScale="90" YScale="120" Delay="2" Visible="true" RedTint="255" GreenTint="255" BlueTint="255" AlphaTint="255" RedOffset="0" GreenOffset="0" BlueOffset="0" Rotation="0" Interpolated="true"/>
					<Frame XPosition="41" YPosition="-32" XPivot="205" YPivot="400" XCrop="0" YCrop="0" Width="450" Height="450" XScale="70" YScale="90" Delay="4" Visible="true" RedTint="255" GreenTint="255" BlueTint="255" AlphaTint="255" RedOffset="0" GreenOffset="0" BlueOffset="0" Rotation="0" Interpolated="true"/>
					<Frame XPosition="-20" YPosition="-42" XPivot="205" YPivot="400" XCrop="0" YCrop="0" Width="450" Height="450" XScale="100" YScale="100" Delay="1" Visible="true" RedTint="255" GreenTint="255" BlueTint="255" AlphaTint="255" RedOffset="0" GreenOffset="0" BlueOffset="0" Rotation="0" Interpolated="false"/>
				</LayerAnimation>
				<LayerAnimation LayerId="3" Visible="true">
					<Frame XPosition="-20" YPosition="-42" XPivot="205" YPivot="400" XCrop="0" YCrop="0" Width="450" Height="450" XScale="100" YScale="100" Delay="2" Visible="true" RedTint="255" GreenTint="255" BlueTint="255" AlphaTint="255" RedOffset="0" GreenOffset="0" BlueOffset="0" Rotation="0" Interpolated="true"/>
					<Frame XPosition="44" YPosition="-21" XPivot="205" YPivot="400" XCrop="0" YCrop="0" Width="450" Height="450" XScale="70" YScale="90" Delay="4" Visible="true" RedTint="255" GreenTint="255" BlueTint="255" AlphaTint="255" RedOffset="0" GreenOffset="0" BlueOffset="0" Rotation="0" Interpolated="true"/>
					<Frame XPosition="-20" YPosition="-42" XPivot="205" YPivot="400" XCrop="0" YCrop="0" Width="450" Height="450" XScale="100" YScale="100" Delay="1" Visible="true" RedTint="255" GreenTint="255" BlueTint="255" AlphaTint="255" RedOffset="0" GreenOffset="0" BlueOffset="0" Rotation="0" Interpolated="false"/>
				</LayerAnimation>
				<LayerAnimation LayerId="5" Visible="true">
					<Frame XPosition="-69" YPosition="-78" XPivot="127" YPivot="375" XCrop="0" YCrop="0" Width="450" Height="450" XScale="80" YScale="110" Delay="2" Visible="true" RedTint="255" GreenTint="255" BlueTint="255" AlphaTint="255" RedOffset="0" GreenOffset="0" BlueOffset="0" Rotation="0" Interpolated="true"/>
					<Frame XPosition="3" YPosition="-45" XPivot="127" YPivot="375" XCrop="0" YCrop="0" Width="450" Height="450" XScale="70" YScale="90" Delay="4" Visible="true" RedTint="255" GreenTint="255" BlueTint="255" AlphaTint="255" RedOffset="0" GreenOffset="0" BlueOffset="0" Rotation="0" Interpolated="true"/>
					<Frame XPosition="-66" YPosition="-78" XPivot="127" YPivot="375" XCrop="0" YCrop="0" Width="450" Height="450" XScale="80" YScale="110" Delay="1" Visible="true" RedTint="255" GreenTint="255" BlueTint="255" AlphaTint="255" RedOffset="0" GreenOffset="0" BlueOffset="0" Rotation="0" Interpolated="false"/>
				</LayerAnimation>
				<LayerAnimation LayerId="6" Visible="true"/>
				<LayerAnimation LayerId="4" Visible="true">
					<Frame XPosition="-66" YPosition="-78" XPivot="127" YPivot="375" XCrop="0" YCrop="0" Width="450" Height="450" XScale="80" YScale="110" Delay="2" Visible="true" RedTint="255" GreenTint="255" BlueTint="255" AlphaTint="255" RedOffset="0" GreenOffset="0" BlueOffset="0" Rotation="0" Interpolated="true"/>
					<Frame XPosition="3" YPosition="-45" XPivot="127" YPivot="375" XCrop="0" YCrop="0" Width="450" Height="450" XScale="70" YScale="90" Delay="4" Visible="true" RedTint="255" GreenTint="255" BlueTint="255" AlphaTint="255" RedOffset="0" GreenOffset="0" BlueOffset="0" Rotation="0" Interpolated="true"/>
					<Frame XPosition="-66" YPosition="-78" XPivot="127" YPivot="375" XCrop="0" YCrop="0" Width="450" Height="450" XScale="80" YScale="110" Delay="1" Visible="true" RedTint="255" GreenTint="255" BlueTint="255" AlphaTint="255" RedOffset="0" GreenOffset="0" BlueOffset="0" Rotation="0" Interpolated="false"/>
				</LayerAnimation>
				<LayerAnimation LayerId="7" Visible="true">
					<Frame XPosition="0" YPosition="0" XPivot="225" YPivot="450" XCrop="0" YCrop="0" Width="450" Height="450" XScale="100" YScale="100" Delay="2" Visible="true" RedTint="255" GreenTint="255" BlueTint="255" AlphaTint="255" RedOffset="0" GreenOffset="0" BlueOffset="0" Rotation="0" Interpolated="true"/>
					<Frame XPosition="50" YPosition="20" XPivot="225" YPivot="450" XCrop="0" YCrop="0" Width="450" Height="450" XScale="70" YScale="90" Delay="4" Visible="true" RedTint="255" GreenTint="255" BlueTint="255" AlphaTint="255" RedOffset="0" GreenOffset="0" BlueOffset="0" Rotation="0" Interpolated="true"/>
					<Frame XPosition="0" YPosition="0" XPivot="225" YPivot="450" XCrop="0" YCrop="0" Width="450" Height="450" XScale="100" YScale="100" Delay="1" Visible="true" RedTint="255" GreenTint="255" BlueTint="255" AlphaTint="255" RedOffset="0" GreenOffset="0" BlueOffset="0" Rotation="0" Interpolated="false"/>
				</LayerAnimation>
				<LayerAnimation LayerId="10" Visible="true">
					<Frame XPosition="-98" YPosition="-75" XPivot="127" YPivot="375" XCrop="0" YCrop="0" Width="450" Height="450" XScale="100" YScale="100" Delay="2" Visible="true" RedTint="255" GreenTint="255" BlueTint="255" AlphaTint="255" RedOffset="0" GreenOffset="0" BlueOffset="0" Rotation="0" Interpolated="true"/>
					<Frame XPosition="-20" YPosition="-43" XPivot="127" YPivot="375" XCrop="0" YCrop="0" Width="450" Height="450" XScale="70" YScale="90" Delay="4" Visible="true" RedTint="255" GreenTint="255" BlueTint="255" AlphaTint="255" RedOffset="0" GreenOffset="0" BlueOffset="0" Rotation="0" Interpolated="true"/>
					<Frame XPosition="-98" YPosition="-75" XPivot="127" YPivot="375" XCrop="0" YCrop="0" Width="450" Height="450" XScale="100" YScale="100" Delay="1" Visible="true" RedTint="255" GreenTint="255" BlueTint="255" AlphaTint="255" RedOffset="0" GreenOffset="0" BlueOffset="0" Rotation="0" Interpolated="false"/>
				</LayerAnimation>
				<LayerAnimation LayerId="8" Visible="true">
					<Frame XPosition="-98" YPosition="-75" XPivot="127" YPivot="375" XCrop="0" YCrop="0" Width="450" Height="450" XScale="100" YScale="100" Delay="2" Visible="true" RedTint="255" GreenTint="255" BlueTint="255" AlphaTint="255" RedOffset="0" GreenOffset="0" BlueOffset="0" Rotation="0" Interpolated="true"/>
					<Frame XPosition="-20" YPosition="-43" XPivot="127" YPivot="375" XCrop="0" YCrop="0" Width="450" Height="450" XScale="70" YScale="90" Delay="4" Visible="true" RedTint="255" GreenTint="255" BlueTint="255" AlphaTint="255" RedOffset="0" GreenOffset="0" BlueOffset="0" Rotation="0" Interpolated="true"/>
					<Frame XPosition="-98" YPosition="-75" XPivot="127" YPivot="375" XCrop="0" YCrop="0" Width="450" Height="450" XScale="100" YScale="100" Delay="1" Visible="true" RedTint="255" GreenTint="255" BlueTint="255" AlphaTint="255" RedOffset="0" GreenOffset="0" BlueOffset="0" Rotation="0" Interpolated="false"/>
				</LayerAnimation>
				<LayerAnimation LayerId="9" Visible="true">
					<Frame XPosition="-98" YPosition="-75" XPivot="127" YPivot="375" XCrop="0" YCrop="0" Width="450" Height="450" XScale="100" YScale="100" Delay="2" Visible="true" RedTint="255" GreenTint="255" BlueTint="255" AlphaTint="255" RedOffset="0" GreenOffset="0" BlueOffset="0" Rotation="0" Interpolated="true"/>
					<Frame XPosition="-20" YPosition="-43" XPivot="127" YPivot="375" XCrop="0" YCrop="0" Width="450" Height="450" XScale="70" YScale="90" Delay="4" Visible="true" RedTint="255" GreenTint="255" BlueTint="255" AlphaTint="255" RedOffset="0" GreenOffset="0" BlueOffset="0" Rotation="0" Interpolated="true"/>
					<Frame XPosition="-98" YPosition="-75" XPivot="127" YPivot="375" XCrop="0" YCrop="0" Width="450" Height="450" XScale="100" YScale="100" Delay="1" Visible="true" RedTint="255" GreenTint="255" BlueTint="255" AlphaTint="255" RedOffset="0" GreenOffset="0" BlueOffset="0" Rotation="0" Interpolated="false"/>
				</LayerAnimation>
				<LayerAnimation LayerId="11" Visible="true">
					<Frame XPosition="0" YPosition="0" XPivot="225" YPivot="450" XCrop="0" YCrop="0" Width="450" Height="450" XScale="100" YScale="100" Delay="2" Visible="true" RedTint="255" GreenTint="255" BlueTint="255" AlphaTint="255" RedOffset="0" GreenOffset="0" BlueOffset="0" Rotation="0" Interpolated="true"/>
					<Frame XPosition="50" YPosition="20" XPivot="225" YPivot="450" XCrop="0" YCrop="0" Width="450" Height="450" XScale="70" YScale="90" Delay="4" Visible="true" RedTint="255" GreenTint="255" BlueTint="255" AlphaTint="255" RedOffset="0" GreenOffset="0" BlueOffset="0" Rotation="0" Interpolated="true"/>
					<Frame XPosition="0" YPosition="0" XPivot="225" YPivot="450" XCrop="0" YCrop="0" Width="450" Height="450" XScale="100" YScale="100" Delay="1" Visible="true" RedTint="255" GreenTint="255" BlueTint="255" AlphaTint="255" RedOffset="0" GreenOffset="0" BlueOffset="0" Rotation="0" Interpolated="false"/>
				</LayerAnimation>
			</LayerAnimations>
			<NullAnimations/>
			<Triggers>
				<Trigger EventId="0" AtFrame="6"/>
			</Triggers>
		</Animation>
	</Animations>
</AnimatedActor>
