<AnimatedActor>
	<Info CreatedBy="Temple9" CreatedOn="2022/6/18 16:39:54" Version="1" Fps="30"/>
	<Content>
		<Spritesheets>
			<Spritesheet Path="BanditBear.png" Id="0"/>
		</Spritesheets>
		<Layers>
			<Layer Name="bear" Id="0" SpritesheetId="0"/>
		</Layers>
		<Nulls/>
		<Events>
			<Event Name="loop" Id="0"/>
		</Events>
	</Content>
	<Animations DefaultAnimation="idle">
		<Animation Name="idle" FrameNum="60" Loop="true">
			<RootAnimation>
				<Frame XPosition="0" YPosition="0" XScale="100" YScale="100" Delay="60" Visible="true" RedTint="255" GreenTint="255" BlueTint="255" AlphaTint="255" RedOffset="0" GreenOffset="0" BlueOffset="0" Rotation="0" Interpolated="false"/>
			</RootAnimation>
			<LayerAnimations>
				<LayerAnimation LayerId="0" Visible="true">
					<Frame XPosition="0" YPosition="0" XPivot="225" YPivot="450" XCrop="0" YCrop="0" Width="450" Height="450" XScale="100" YScale="100" Delay="30" Visible="true" RedTint="255" GreenTint="255" BlueTint="255" AlphaTint="255" RedOffset="0" GreenOffset="0" BlueOffset="0" Rotation="0" Interpolated="true"/>
					<Frame XPosition="0" YPosition="0" XPivot="225" YPivot="450" XCrop="0" YCrop="0" Width="450" Height="450" XScale="95" YScale="105" Delay="29" Visible="true" RedTint="255" GreenTint="255" BlueTint="255" AlphaTint="255" RedOffset="0" GreenOffset="0" BlueOffset="0" Rotation="0" Interpolated="true"/>
					<Frame XPosition="0" YPosition="0" XPivot="225" YPivot="450" XCrop="0" YCrop="0" Width="450" Height="450" XScale="100" YScale="100" Delay="1" Visible="true" RedTint="255" GreenTint="255" BlueTint="255" AlphaTint="255" RedOffset="0" GreenOffset="0" BlueOffset="0" Rotation="0" Interpolated="false"/>
				</LayerAnimation>
			</LayerAnimations>
			<NullAnimations/>
			<Triggers/>
		</Animation>
		<Animation Name="attack" FrameNum="10" Loop="false">
			<RootAnimation>
				<Frame XPosition="0" YPosition="0" XScale="100" YScale="100" Delay="10" Visible="true" RedTint="255" GreenTint="255" BlueTint="255" AlphaTint="255" RedOffset="0" GreenOffset="0" BlueOffset="0" Rotation="0" Interpolated="false"/>
			</RootAnimation>
			<LayerAnimations>
				<LayerAnimation LayerId="0" Visible="true">
					<Frame XPosition="0" YPosition="0" XPivot="225" YPivot="450" XCrop="0" YCrop="0" Width="450" Height="450" XScale="120" YScale="80" Delay="3" Visible="true" RedTint="255" GreenTint="255" BlueTint="255" AlphaTint="255" RedOffset="0" GreenOffset="0" BlueOffset="0" Rotation="0" Interpolated="true"/>
					<Frame XPosition="20" YPosition="-120" XPivot="225" YPivot="450" XCrop="0" YCrop="0" Width="450" Height="450" XScale="100" YScale="100" Delay="2" Visible="true" RedTint="255" GreenTint="255" BlueTint="255" AlphaTint="255" RedOffset="0" GreenOffset="0" BlueOffset="0" Rotation="15" Interpolated="true"/>
					<Frame XPosition="-60" YPosition="-60" XPivot="225" YPivot="450" XCrop="0" YCrop="0" Width="450" Height="450" XScale="130" YScale="70" Delay="4" Visible="true" RedTint="255" GreenTint="255" BlueTint="255" AlphaTint="255" RedOffset="0" GreenOffset="0" BlueOffset="0" Rotation="-120" Interpolated="true"/>
					<Frame XPosition="0" YPosition="0" XPivot="225" YPivot="450" XCrop="0" YCrop="0" Width="450" Height="450" XScale="100" YScale="100" Delay="1" Visible="true" RedTint="255" GreenTint="255" BlueTint="255" AlphaTint="255" RedOffset="0" GreenOffset="0" BlueOffset="0" Rotation="0" Interpolated="false"/>
				</LayerAnimation>
			</LayerAnimations>
			<NullAnimations/>
			<Triggers>
				<Trigger EventId="0" AtFrame="9"/>
			</Triggers>
		</Animation>
	</Animations>
</AnimatedActor>
