<AnimatedActor>
	<Info CreatedBy="Unknown" CreatedOn="2022/6/18 13:01:11" Version="1" Fps="30"/>
	<Content>
		<Spritesheets>
			<Spritesheet Path="BronzeAutomaton.png" Id="0"/>
		</Spritesheets>
		<Layers>
			<Layer Name="idle" Id="0" SpritesheetId="0"/>
		</Layers>
		<Nulls/>
		<Events/>
	</Content>
	<Animations DefaultAnimation="idle">
		<Animation Name="idle" FrameNum="60" Loop="true">
			<RootAnimation>
				<Frame XPosition="0" YPosition="0" XScale="100" YScale="100" Delay="60" Visible="true" RedTint="255" GreenTint="255" BlueTint="255" AlphaTint="255" RedOffset="0" GreenOffset="0" BlueOffset="0" Rotation="0" Interpolated="false"/>
			</RootAnimation>
			<LayerAnimations>
				<LayerAnimation LayerId="0" Visible="true">
					<Frame XPosition="0" YPosition="0" XPivot="225" YPivot="450" XCrop="0" YCrop="0" Width="450" Height="450" XScale="100" YScale="100" Delay="30" Visible="true" RedTint="255" GreenTint="255" BlueTint="255" AlphaTint="255" RedOffset="0" GreenOffset="0" BlueOffset="0" Rotation="0" Interpolated="true"/>
					<Frame XPosition="0" YPosition="0" XPivot="225" YPivot="450" XCrop="0" YCrop="0" Width="450" Height="450" XScale="105" YScale="96" Delay="29" Visible="true" RedTint="255" GreenTint="255" BlueTint="255" AlphaTint="255" RedOffset="0" GreenOffset="0" BlueOffset="0" Rotation="0" Interpolated="true"/>
					<Frame XPosition="0" YPosition="0" XPivot="225" YPivot="450" XCrop="0" YCrop="0" Width="450" Height="450" XScale="100" YScale="100" Delay="1" Visible="true" RedTint="255" GreenTint="255" BlueTint="255" AlphaTint="255" RedOffset="0" GreenOffset="0" BlueOffset="0" Rotation="0" Interpolated="false"/>
				</LayerAnimation>
			</LayerAnimations>
			<NullAnimations/>
			<Triggers/>
		</Animation>
	</Animations>
</AnimatedActor>
