<AnimatedActor>
	<Info CreatedBy="Unknown" CreatedOn="2022/4/23 15:58:07" Version="4" Fps="30"/>
	<Content>
		<Spritesheets>
			<Spritesheet Path="Byrd.png" Id="0"/>
			<Spritesheet Path="Byrd_grounded.png" Id="1"/>
		</Spritesheets>
		<Layers>
			<Layer Name="Byrd" Id="0" SpritesheetId="0"/>
			<Layer Name="Byrd_grounded" Id="1" SpritesheetId="1"/>
		</Layers>
		<Nulls/>
		<Events/>
	</Content>
	<Animations DefaultAnimation="idle">
		<Animation Name="idle" FrameNum="60" Loop="true">
			<RootAnimation>
				<Frame XPosition="0" YPosition="0" XScale="100" YScale="100" Delay="60" Visible="true" RedTint="255" GreenTint="255" BlueTint="255" AlphaTint="255" RedOffset="0" GreenOffset="0" BlueOffset="0" Rotation="0" Interpolated="false"/>
			</RootAnimation>
			<LayerAnimations>
				<LayerAnimation LayerId="0" Visible="true">
					<Frame XPosition="0" YPosition="0" XPivot="200" YPivot="400" XCrop="0" YCrop="0" Width="400" Height="400" XScale="100" YScale="100" Delay="30" Visible="true" RedTint="255" GreenTint="255" BlueTint="255" AlphaTint="255" RedOffset="0" GreenOffset="0" BlueOffset="0" Rotation="0" Interpolated="true"/>
					<Frame XPosition="0" YPosition="0" XPivot="200" YPivot="400" XCrop="0" YCrop="0" Width="400" Height="400" XScale="105" YScale="95" Delay="29" Visible="true" RedTint="255" GreenTint="255" BlueTint="255" AlphaTint="255" RedOffset="0" GreenOffset="0" BlueOffset="0" Rotation="0" Interpolated="true"/>
					<Frame XPosition="0" YPosition="0" XPivot="200" YPivot="400" XCrop="0" YCrop="0" Width="400" Height="400" XScale="100" YScale="100" Delay="1" Visible="true" RedTint="255" GreenTint="255" BlueTint="255" AlphaTint="255" RedOffset="0" GreenOffset="0" BlueOffset="0" Rotation="0" Interpolated="false"/>
				</LayerAnimation>
				<LayerAnimation LayerId="1" Visible="true"/>
			</LayerAnimations>
			<NullAnimations/>
			<Triggers/>
		</Animation>
		<Animation Name="grounded" FrameNum="60" Loop="true">
			<RootAnimation>
				<Frame XPosition="0" YPosition="0" XScale="100" YScale="100" Delay="60" Visible="true" RedTint="255" GreenTint="255" BlueTint="255" AlphaTint="255" RedOffset="0" GreenOffset="0" BlueOffset="0" Rotation="0" Interpolated="false"/>
			</RootAnimation>
			<LayerAnimations>
				<LayerAnimation LayerId="0" Visible="true"/>
				<LayerAnimation LayerId="1" Visible="true">
					<Frame XPosition="0" YPosition="0" XPivot="200" YPivot="400" XCrop="0" YCrop="0" Width="400" Height="400" XScale="100" YScale="100" Delay="30" Visible="true" RedTint="255" GreenTint="255" BlueTint="255" AlphaTint="255" RedOffset="0" GreenOffset="0" BlueOffset="0" Rotation="0" Interpolated="true"/>
					<Frame XPosition="0" YPosition="0" XPivot="200" YPivot="400" XCrop="0" YCrop="0" Width="400" Height="400" XScale="105" YScale="95" Delay="29" Visible="true" RedTint="255" GreenTint="255" BlueTint="255" AlphaTint="255" RedOffset="0" GreenOffset="0" BlueOffset="0" Rotation="0" Interpolated="true"/>
					<Frame XPosition="0" YPosition="0" XPivot="200" YPivot="400" XCrop="0" YCrop="0" Width="400" Height="400" XScale="100" YScale="100" Delay="1" Visible="true" RedTint="255" GreenTint="255" BlueTint="255" AlphaTint="255" RedOffset="0" GreenOffset="0" BlueOffset="0" Rotation="0" Interpolated="false"/>
				</LayerAnimation>
			</LayerAnimations>
			<NullAnimations/>
			<Triggers/>
		</Animation>
	</Animations>
</AnimatedActor>
