<AnimatedActor>
	<Info CreatedBy="Temple9" CreatedOn="2022/4/23 13:47:45" Version="5" Fps="30"/>
	<Content>
		<Spritesheets>
			<Spritesheet Path="Chosen.png" Id="0"/>
			<Spritesheet Path="Chosen_fx.png" Id="1"/>
		</Spritesheets>
		<Layers>
			<Layer Name="Chosen" Id="0" SpritesheetId="0"/>
			<Layer Name="Chosen_fx" Id="1" SpritesheetId="1"/>
		</Layers>
		<Nulls/>
		<Events>
			<Event Name="loop" Id="0"/>
		</Events>
	</Content>
	<Animations DefaultAnimation="idle">
		<Animation Name="idle" FrameNum="60" Loop="true">
			<RootAnimation>
				<Frame XPosition="0" YPosition="0" XScale="100" YScale="100" Delay="60" Visible="true" RedTint="255" GreenTint="255" BlueTint="255" AlphaTint="255" RedOffset="0" GreenOffset="0" BlueOffset="0" Rotation="0" Interpolated="false"/>
			</RootAnimation>
			<LayerAnimations>
				<LayerAnimation LayerId="0" Visible="true">
					<Frame XPosition="0" YPosition="0" XPivot="200" YPivot="400" XCrop="0" YCrop="0" Width="400" Height="400" XScale="100" YScale="100" Delay="15" Visible="true" RedTint="255" GreenTint="255" BlueTint="255" AlphaTint="255" RedOffset="0" GreenOffset="0" BlueOffset="0" Rotation="0" Interpolated="true"/>
					<Frame XPosition="0" YPosition="-20" XPivot="200" YPivot="400" XCrop="0" YCrop="0" Width="400" Height="400" XScale="103" YScale="98" Delay="15" Visible="true" RedTint="255" GreenTint="255" BlueTint="255" AlphaTint="255" RedOffset="0" GreenOffset="0" BlueOffset="0" Rotation="0" Interpolated="true"/>
					<Frame XPosition="0" YPosition="-25" XPivot="200" YPivot="400" XCrop="0" YCrop="0" Width="400" Height="400" XScale="107" YScale="95" Delay="15" Visible="true" RedTint="255" GreenTint="255" BlueTint="255" AlphaTint="255" RedOffset="0" GreenOffset="0" BlueOffset="0" Rotation="0" Interpolated="true"/>
					<Frame XPosition="0" YPosition="-10" XPivot="200" YPivot="400" XCrop="0" YCrop="0" Width="400" Height="400" XScale="103" YScale="98" Delay="14" Visible="true" RedTint="255" GreenTint="255" BlueTint="255" AlphaTint="255" RedOffset="0" GreenOffset="0" BlueOffset="0" Rotation="0" Interpolated="true"/>
					<Frame XPosition="0" YPosition="0" XPivot="200" YPivot="400" XCrop="0" YCrop="0" Width="400" Height="400" XScale="100" YScale="100" Delay="1" Visible="true" RedTint="255" GreenTint="255" BlueTint="255" AlphaTint="255" RedOffset="0" GreenOffset="0" BlueOffset="0" Rotation="0" Interpolated="false"/>
				</LayerAnimation>
				<LayerAnimation LayerId="1" Visible="true"/>
			</LayerAnimations>
			<NullAnimations/>
			<Triggers/>
		</Animation>
		<Animation Name="attack" FrameNum="39" Loop="false">
			<RootAnimation>
				<Frame XPosition="0" YPosition="0" XScale="100" YScale="100" Delay="39" Visible="true" RedTint="255" GreenTint="255" BlueTint="255" AlphaTint="255" RedOffset="0" GreenOffset="0" BlueOffset="0" Rotation="0" Interpolated="false"/>
			</RootAnimation>
			<LayerAnimations>
				<LayerAnimation LayerId="0" Visible="true">
					<Frame XPosition="0" YPosition="0" XPivot="200" YPivot="400" XCrop="0" YCrop="0" Width="400" Height="400" XScale="100" YScale="100" Delay="7" Visible="true" RedTint="255" GreenTint="255" BlueTint="255" AlphaTint="255" RedOffset="0" GreenOffset="0" BlueOffset="0" Rotation="0" Interpolated="true"/>
					<Frame XPosition="0" YPosition="-20" XPivot="200" YPivot="400" XCrop="0" YCrop="0" Width="400" Height="400" XScale="103" YScale="98" Delay="7" Visible="true" RedTint="255" GreenTint="255" BlueTint="255" AlphaTint="255" RedOffset="0" GreenOffset="0" BlueOffset="0" Rotation="0" Interpolated="true"/>
					<Frame XPosition="0" YPosition="-5" XPivot="200" YPivot="400" XCrop="0" YCrop="0" Width="400" Height="400" XScale="107" YScale="95" Delay="4" Visible="true" RedTint="255" GreenTint="255" BlueTint="255" AlphaTint="255" RedOffset="0" GreenOffset="0" BlueOffset="0" Rotation="0" Interpolated="true"/>
					<Frame XPosition="0" YPosition="-25" XPivot="200" YPivot="400" XCrop="0" YCrop="0" Width="400" Height="400" XScale="95" YScale="108" Delay="3" Visible="true" RedTint="255" GreenTint="255" BlueTint="255" AlphaTint="255" RedOffset="0" GreenOffset="0" BlueOffset="0" Rotation="0" Interpolated="true"/>
					<Frame XPosition="0" YPosition="-25" XPivot="200" YPivot="400" XCrop="0" YCrop="0" Width="400" Height="400" XScale="95" YScale="108" Delay="3" Visible="true" RedTint="255" GreenTint="255" BlueTint="255" AlphaTint="255" RedOffset="0" GreenOffset="0" BlueOffset="0" Rotation="-10" Interpolated="true"/>
					<Frame XPosition="0" YPosition="-25" XPivot="200" YPivot="400" XCrop="0" YCrop="0" Width="400" Height="400" XScale="95" YScale="108" Delay="3" Visible="true" RedTint="255" GreenTint="255" BlueTint="255" AlphaTint="255" RedOffset="0" GreenOffset="0" BlueOffset="0" Rotation="10" Interpolated="true"/>
					<Frame XPosition="0" YPosition="-25" XPivot="200" YPivot="400" XCrop="0" YCrop="0" Width="400" Height="400" XScale="95" YScale="108" Delay="3" Visible="true" RedTint="255" GreenTint="255" BlueTint="255" AlphaTint="255" RedOffset="0" GreenOffset="0" BlueOffset="0" Rotation="-10" Interpolated="true"/>
					<Frame XPosition="0" YPosition="-25" XPivot="200" YPivot="400" XCrop="0" YCrop="0" Width="400" Height="400" XScale="95" YScale="108" Delay="8" Visible="true" RedTint="255" GreenTint="255" BlueTint="255" AlphaTint="255" RedOffset="0" GreenOffset="0" BlueOffset="0" Rotation="5" Interpolated="true"/>
					<Frame XPosition="0" YPosition="0" XPivot="200" YPivot="400" XCrop="0" YCrop="0" Width="400" Height="400" XScale="100" YScale="100" Delay="1" Visible="true" RedTint="255" GreenTint="255" BlueTint="255" AlphaTint="255" RedOffset="0" GreenOffset="0" BlueOffset="0" Rotation="0" Interpolated="true"/>
				</LayerAnimation>
				<LayerAnimation LayerId="1" Visible="true">
					<Frame XPosition="0" YPosition="0" XPivot="200" YPivot="400" XCrop="0" YCrop="0" Width="400" Height="400" XScale="100" YScale="100" Delay="7" Visible="false" RedTint="255" GreenTint="255" BlueTint="255" AlphaTint="255" RedOffset="0" GreenOffset="0" BlueOffset="0" Rotation="0" Interpolated="true"/>
					<Frame XPosition="0" YPosition="-20" XPivot="200" YPivot="400" XCrop="0" YCrop="0" Width="400" Height="400" XScale="103" YScale="98" Delay="7" Visible="false" RedTint="255" GreenTint="255" BlueTint="255" AlphaTint="255" RedOffset="0" GreenOffset="0" BlueOffset="0" Rotation="0" Interpolated="true"/>
					<Frame XPosition="0" YPosition="-5" XPivot="200" YPivot="400" XCrop="0" YCrop="0" Width="400" Height="400" XScale="107" YScale="95" Delay="4" Visible="true" RedTint="255" GreenTint="255" BlueTint="255" AlphaTint="0" RedOffset="0" GreenOffset="0" BlueOffset="0" Rotation="0" Interpolated="true"/>
					<Frame XPosition="0" YPosition="-25" XPivot="200" YPivot="400" XCrop="0" YCrop="0" Width="400" Height="400" XScale="95" YScale="108" Delay="3" Visible="true" RedTint="255" GreenTint="255" BlueTint="255" AlphaTint="255" RedOffset="0" GreenOffset="0" BlueOffset="0" Rotation="0" Interpolated="true"/>
					<Frame XPosition="0" YPosition="-25" XPivot="200" YPivot="400" XCrop="0" YCrop="0" Width="400" Height="400" XScale="95" YScale="108" Delay="3" Visible="true" RedTint="255" GreenTint="255" BlueTint="255" AlphaTint="255" RedOffset="0" GreenOffset="0" BlueOffset="0" Rotation="-10" Interpolated="true"/>
					<Frame XPosition="0" YPosition="-25" XPivot="200" YPivot="400" XCrop="0" YCrop="0" Width="400" Height="400" XScale="95" YScale="108" Delay="3" Visible="true" RedTint="255" GreenTint="255" BlueTint="255" AlphaTint="255" RedOffset="0" GreenOffset="0" BlueOffset="0" Rotation="10" Interpolated="true"/>
					<Frame XPosition="0" YPosition="-25" XPivot="200" YPivot="400" XCrop="0" YCrop="0" Width="400" Height="400" XScale="95" YScale="108" Delay="3" Visible="true" RedTint="255" GreenTint="255" BlueTint="255" AlphaTint="255" RedOffset="0" GreenOffset="0" BlueOffset="0" Rotation="-10" Interpolated="true"/>
					<Frame XPosition="0" YPosition="-25" XPivot="200" YPivot="400" XCrop="0" YCrop="0" Width="400" Height="400" XScale="95" YScale="108" Delay="8" Visible="true" RedTint="255" GreenTint="255" BlueTint="255" AlphaTint="255" RedOffset="0" GreenOffset="0" BlueOffset="0" Rotation="5" Interpolated="true"/>
					<Frame XPosition="0" YPosition="0" XPivot="200" YPivot="400" XCrop="0" YCrop="0" Width="400" Height="400" XScale="100" YScale="100" Delay="1" Visible="true" RedTint="255" GreenTint="255" BlueTint="255" AlphaTint="0" RedOffset="0" GreenOffset="0" BlueOffset="0" Rotation="0" Interpolated="true"/>
				</LayerAnimation>
			</LayerAnimations>
			<NullAnimations/>
			<Triggers>
				<Trigger EventId="0" AtFrame="38"/>
			</Triggers>
		</Animation>
	</Animations>
</AnimatedActor>
