<AnimatedActor>
	<Info CreatedBy="Unknown" CreatedOn="2022/6/19 11:49:59" Version="1" Fps="30"/>
	<Content>
		<Spritesheets>
			<Spritesheet Path="Deca_body.png" Id="0"/>
			<Spritesheet Path="Deca_leftHand.png" Id="1"/>
			<Spritesheet Path="Deca_rightHand.png" Id="2"/>
			<Spritesheet Path="Deca_feet.png" Id="3"/>
		</Spritesheets>
		<Layers>
			<Layer Name="feet" Id="0" SpritesheetId="3"/>
			<Layer Name="rightHand" Id="1" SpritesheetId="2"/>
			<Layer Name="leftHand" Id="2" SpritesheetId="1"/>
			<Layer Name="body" Id="3" SpritesheetId="0"/>
		</Layers>
		<Nulls/>
		<Events>
			<Event Name="loop" Id="0"/>
		</Events>
	</Content>
	<Animations DefaultAnimation="idle">
		<Animation Name="idle" FrameNum="30" Loop="true">
			<RootAnimation>
				<Frame XPosition="0" YPosition="0" XScale="100" YScale="100" Delay="30" Visible="true" RedTint="255" GreenTint="255" BlueTint="255" AlphaTint="255" RedOffset="0" GreenOffset="0" BlueOffset="0" Rotation="0" Interpolated="false"/>
			</RootAnimation>
			<LayerAnimations>
				<LayerAnimation LayerId="0" Visible="true">
					<Frame XPosition="-14" YPosition="-171" XPivot="211" YPivot="279" XCrop="0" YCrop="0" Width="450" Height="450" XScale="100" YScale="100" Delay="15" Visible="true" RedTint="255" GreenTint="255" BlueTint="255" AlphaTint="255" RedOffset="0" GreenOffset="0" BlueOffset="0" Rotation="0" Interpolated="true"/>
					<Frame XPosition="-6" YPosition="-163" XPivot="211" YPivot="279" XCrop="0" YCrop="0" Width="450" Height="450" XScale="106" YScale="96" Delay="14" Visible="true" RedTint="255" GreenTint="255" BlueTint="255" AlphaTint="255" RedOffset="0" GreenOffset="0" BlueOffset="0" Rotation="0" Interpolated="true"/>
					<Frame XPosition="-14" YPosition="-171" XPivot="211" YPivot="279" XCrop="0" YCrop="0" Width="450" Height="450" XScale="100" YScale="100" Delay="1" Visible="true" RedTint="255" GreenTint="255" BlueTint="255" AlphaTint="255" RedOffset="0" GreenOffset="0" BlueOffset="0" Rotation="0" Interpolated="false"/>
				</LayerAnimation>
				<LayerAnimation LayerId="3" Visible="true">
					<Frame XPosition="-14" YPosition="-171" XPivot="211" YPivot="279" XCrop="0" YCrop="0" Width="450" Height="450" XScale="100" YScale="100" Delay="15" Visible="true" RedTint="255" GreenTint="255" BlueTint="255" AlphaTint="255" RedOffset="0" GreenOffset="0" BlueOffset="0" Rotation="0" Interpolated="true"/>
					<Frame XPosition="-5" YPosition="-166" XPivot="211" YPivot="279" XCrop="0" YCrop="0" Width="450" Height="450" XScale="103" YScale="100" Delay="14" Visible="true" RedTint="255" GreenTint="255" BlueTint="255" AlphaTint="255" RedOffset="0" GreenOffset="0" BlueOffset="0" Rotation="0" Interpolated="true"/>
					<Frame XPosition="-14" YPosition="-171" XPivot="211" YPivot="279" XCrop="0" YCrop="0" Width="450" Height="450" XScale="100" YScale="100" Delay="1" Visible="true" RedTint="255" GreenTint="255" BlueTint="255" AlphaTint="255" RedOffset="0" GreenOffset="0" BlueOffset="0" Rotation="0" Interpolated="false"/>
				</LayerAnimation>
				<LayerAnimation LayerId="1" Visible="true">
					<Frame XPosition="81" YPosition="-148" XPivot="306" YPivot="302" XCrop="0" YCrop="0" Width="450" Height="450" XScale="100" YScale="100" Delay="15" Visible="true" RedTint="255" GreenTint="255" BlueTint="255" AlphaTint="255" RedOffset="0" GreenOffset="0" BlueOffset="0" Rotation="-15" Interpolated="true"/>
					<Frame XPosition="90" YPosition="-143" XPivot="306" YPivot="302" XCrop="0" YCrop="0" Width="450" Height="450" XScale="100" YScale="100" Delay="14" Visible="true" RedTint="255" GreenTint="255" BlueTint="255" AlphaTint="255" RedOffset="0" GreenOffset="0" BlueOffset="0" Rotation="5" Interpolated="true"/>
					<Frame XPosition="81" YPosition="-148" XPivot="306" YPivot="302" XCrop="0" YCrop="0" Width="450" Height="450" XScale="100" YScale="100" Delay="1" Visible="true" RedTint="255" GreenTint="255" BlueTint="255" AlphaTint="255" RedOffset="0" GreenOffset="0" BlueOffset="0" Rotation="-15" Interpolated="false"/>
				</LayerAnimation>
				<LayerAnimation LayerId="2" Visible="true">
					<Frame XPosition="-114" YPosition="-148" XPivot="111" YPivot="302" XCrop="0" YCrop="0" Width="450" Height="450" XScale="100" YScale="100" Delay="15" Visible="true" RedTint="255" GreenTint="255" BlueTint="255" AlphaTint="255" RedOffset="0" GreenOffset="0" BlueOffset="0" Rotation="15" Interpolated="true"/>
					<Frame XPosition="-105" YPosition="-143" XPivot="111" YPivot="302" XCrop="0" YCrop="0" Width="450" Height="450" XScale="100" YScale="100" Delay="14" Visible="true" RedTint="255" GreenTint="255" BlueTint="255" AlphaTint="255" RedOffset="0" GreenOffset="0" BlueOffset="0" Rotation="-5" Interpolated="true"/>
					<Frame XPosition="-114" YPosition="-148" XPivot="111" YPivot="302" XCrop="0" YCrop="0" Width="450" Height="450" XScale="100" YScale="100" Delay="1" Visible="true" RedTint="255" GreenTint="255" BlueTint="255" AlphaTint="255" RedOffset="0" GreenOffset="0" BlueOffset="0" Rotation="15" Interpolated="false"/>
				</LayerAnimation>
			</LayerAnimations>
			<NullAnimations/>
			<Triggers/>
		</Animation>
		<Animation Name="attack" FrameNum="16" Loop="true">
			<RootAnimation>
				<Frame XPosition="0" YPosition="0" XScale="100" YScale="100" Delay="16" Visible="true" RedTint="255" GreenTint="255" BlueTint="255" AlphaTint="255" RedOffset="0" GreenOffset="0" BlueOffset="0" Rotation="0" Interpolated="false"/>
			</RootAnimation>
			<LayerAnimations>
				<LayerAnimation LayerId="0" Visible="true">
					<Frame XPosition="-14" YPosition="-171" XPivot="211" YPivot="279" XCrop="0" YCrop="0" Width="450" Height="450" XScale="100" YScale="100" Delay="3" Visible="true" RedTint="255" GreenTint="255" BlueTint="255" AlphaTint="255" RedOffset="0" GreenOffset="0" BlueOffset="0" Rotation="0" Interpolated="true"/>
					<Frame XPosition="-120" YPosition="-259" XPivot="211" YPivot="279" XCrop="0" YCrop="0" Width="450" Height="450" XScale="114" YScale="86" Delay="3" Visible="true" RedTint="255" GreenTint="255" BlueTint="255" AlphaTint="255" RedOffset="0" GreenOffset="0" BlueOffset="0" Rotation="30" Interpolated="true"/>
					<Frame XPosition="-217" YPosition="-136" XPivot="211" YPivot="279" XCrop="0" YCrop="0" Width="450" Height="450" XScale="120" YScale="80" Delay="3" Visible="true" RedTint="255" GreenTint="255" BlueTint="255" AlphaTint="255" RedOffset="0" GreenOffset="0" BlueOffset="0" Rotation="0" Interpolated="true"/>
					<Frame XPosition="-115" YPosition="-265" XPivot="211" YPivot="279" XCrop="0" YCrop="0" Width="450" Height="450" XScale="100" YScale="100" Delay="3" Visible="true" RedTint="255" GreenTint="255" BlueTint="255" AlphaTint="255" RedOffset="0" GreenOffset="0" BlueOffset="0" Rotation="0" Interpolated="true"/>
					<Frame XPosition="-14" YPosition="-135" XPivot="211" YPivot="279" XCrop="0" YCrop="0" Width="450" Height="450" XScale="120" YScale="80" Delay="3" Visible="true" RedTint="255" GreenTint="255" BlueTint="255" AlphaTint="255" RedOffset="0" GreenOffset="0" BlueOffset="0" Rotation="0" Interpolated="true"/>
					<Frame XPosition="-14" YPosition="-171" XPivot="211" YPivot="279" XCrop="0" YCrop="0" Width="450" Height="450" XScale="100" YScale="100" Delay="1" Visible="true" RedTint="255" GreenTint="255" BlueTint="255" AlphaTint="255" RedOffset="0" GreenOffset="0" BlueOffset="0" Rotation="0" Interpolated="false"/>
				</LayerAnimation>
				<LayerAnimation LayerId="3" Visible="true">
					<Frame XPosition="-14" YPosition="-171" XPivot="211" YPivot="279" XCrop="0" YCrop="0" Width="450" Height="450" XScale="100" YScale="100" Delay="3" Visible="true" RedTint="255" GreenTint="255" BlueTint="255" AlphaTint="255" RedOffset="0" GreenOffset="0" BlueOffset="0" Rotation="0" Interpolated="true"/>
					<Frame XPosition="-114" YPosition="-271" XPivot="211" YPivot="279" XCrop="0" YCrop="0" Width="450" Height="450" XScale="103" YScale="100" Delay="3" Visible="true" RedTint="255" GreenTint="255" BlueTint="255" AlphaTint="255" RedOffset="0" GreenOffset="0" BlueOffset="0" Rotation="30" Interpolated="true"/>
					<Frame XPosition="-213" YPosition="-140" XPivot="211" YPivot="279" XCrop="0" YCrop="0" Width="450" Height="450" XScale="120" YScale="80" Delay="3" Visible="true" RedTint="255" GreenTint="255" BlueTint="255" AlphaTint="255" RedOffset="0" GreenOffset="0" BlueOffset="0" Rotation="0" Interpolated="true"/>
					<Frame XPosition="-114" YPosition="-271" XPivot="211" YPivot="279" XCrop="0" YCrop="0" Width="450" Height="450" XScale="103" YScale="100" Delay="3" Visible="true" RedTint="255" GreenTint="255" BlueTint="255" AlphaTint="255" RedOffset="0" GreenOffset="0" BlueOffset="0" Rotation="0" Interpolated="true"/>
					<Frame XPosition="-14" YPosition="-140" XPivot="211" YPivot="279" XCrop="0" YCrop="0" Width="450" Height="450" XScale="120" YScale="80" Delay="3" Visible="true" RedTint="255" GreenTint="255" BlueTint="255" AlphaTint="255" RedOffset="0" GreenOffset="0" BlueOffset="0" Rotation="0" Interpolated="true"/>
					<Frame XPosition="-14" YPosition="-171" XPivot="211" YPivot="279" XCrop="0" YCrop="0" Width="450" Height="450" XScale="100" YScale="100" Delay="1" Visible="true" RedTint="255" GreenTint="255" BlueTint="255" AlphaTint="255" RedOffset="0" GreenOffset="0" BlueOffset="0" Rotation="0" Interpolated="false"/>
				</LayerAnimation>
				<LayerAnimation LayerId="1" Visible="true">
					<Frame XPosition="81" YPosition="-148" XPivot="306" YPivot="302" XCrop="0" YCrop="0" Width="450" Height="450" XScale="100" YScale="100" Delay="3" Visible="true" RedTint="255" GreenTint="255" BlueTint="255" AlphaTint="255" RedOffset="0" GreenOffset="0" BlueOffset="0" Rotation="-15" Interpolated="true"/>
					<Frame XPosition="-37" YPosition="-207" XPivot="306" YPivot="302" XCrop="0" YCrop="0" Width="450" Height="450" XScale="100" YScale="100" Delay="3" Visible="true" RedTint="255" GreenTint="255" BlueTint="255" AlphaTint="255" RedOffset="0" GreenOffset="0" BlueOffset="0" Rotation="60" Interpolated="true"/>
					<Frame XPosition="-101" YPosition="-119" XPivot="306" YPivot="302" XCrop="0" YCrop="0" Width="450" Height="450" XScale="120" YScale="80" Delay="3" Visible="true" RedTint="255" GreenTint="255" BlueTint="255" AlphaTint="255" RedOffset="0" GreenOffset="0" BlueOffset="0" Rotation="-15" Interpolated="true"/>
					<Frame XPosition="-11" YPosition="-249" XPivot="306" YPivot="302" XCrop="0" YCrop="0" Width="450" Height="450" XScale="100" YScale="100" Delay="3" Visible="true" RedTint="255" GreenTint="255" BlueTint="255" AlphaTint="255" RedOffset="0" GreenOffset="0" BlueOffset="0" Rotation="-10" Interpolated="true"/>
					<Frame XPosition="105" YPosition="-122" XPivot="306" YPivot="302" XCrop="0" YCrop="0" Width="450" Height="450" XScale="120" YScale="80" Delay="3" Visible="true" RedTint="255" GreenTint="255" BlueTint="255" AlphaTint="255" RedOffset="0" GreenOffset="0" BlueOffset="0" Rotation="-15" Interpolated="true"/>
					<Frame XPosition="81" YPosition="-148" XPivot="306" YPivot="302" XCrop="0" YCrop="0" Width="450" Height="450" XScale="100" YScale="100" Delay="1" Visible="true" RedTint="255" GreenTint="255" BlueTint="255" AlphaTint="255" RedOffset="0" GreenOffset="0" BlueOffset="0" Rotation="-15" Interpolated="false"/>
				</LayerAnimation>
				<LayerAnimation LayerId="2" Visible="true">
					<Frame XPosition="-114" YPosition="-148" XPivot="111" YPivot="302" XCrop="0" YCrop="0" Width="450" Height="450" XScale="100" YScale="100" Delay="3" Visible="true" RedTint="255" GreenTint="255" BlueTint="255" AlphaTint="255" RedOffset="0" GreenOffset="0" BlueOffset="0" Rotation="15" Interpolated="true"/>
					<Frame XPosition="-210" YPosition="-295" XPivot="111" YPivot="302" XCrop="0" YCrop="0" Width="450" Height="450" XScale="100" YScale="100" Delay="3" Visible="true" RedTint="255" GreenTint="255" BlueTint="255" AlphaTint="255" RedOffset="0" GreenOffset="0" BlueOffset="0" Rotation="60" Interpolated="true"/>
					<Frame XPosition="-322" YPosition="-112" XPivot="111" YPivot="302" XCrop="0" YCrop="0" Width="450" Height="450" XScale="120" YScale="80" Delay="3" Visible="true" RedTint="255" GreenTint="255" BlueTint="255" AlphaTint="255" RedOffset="0" GreenOffset="0" BlueOffset="0" Rotation="15" Interpolated="true"/>
					<Frame XPosition="-215" YPosition="-244" XPivot="111" YPivot="302" XCrop="0" YCrop="0" Width="450" Height="450" XScale="100" YScale="100" Delay="3" Visible="true" RedTint="255" GreenTint="255" BlueTint="255" AlphaTint="255" RedOffset="0" GreenOffset="0" BlueOffset="0" Rotation="-10" Interpolated="true"/>
					<Frame XPosition="-137" YPosition="-119" XPivot="111" YPivot="302" XCrop="0" YCrop="0" Width="450" Height="450" XScale="120" YScale="80" Delay="3" Visible="true" RedTint="255" GreenTint="255" BlueTint="255" AlphaTint="255" RedOffset="0" GreenOffset="0" BlueOffset="0" Rotation="15" Interpolated="true"/>
					<Frame XPosition="-114" YPosition="-148" XPivot="111" YPivot="302" XCrop="0" YCrop="0" Width="450" Height="450" XScale="100" YScale="100" Delay="1" Visible="true" RedTint="255" GreenTint="255" BlueTint="255" AlphaTint="255" RedOffset="0" GreenOffset="0" BlueOffset="0" Rotation="15" Interpolated="false"/>
				</LayerAnimation>
			</LayerAnimations>
			<NullAnimations/>
			<Triggers>
				<Trigger EventId="0" AtFrame="15"/>
			</Triggers>
		</Animation>
		<Animation Name="hit" FrameNum="7" Loop="true">
			<RootAnimation>
				<Frame XPosition="0" YPosition="0" XScale="100" YScale="100" Delay="7" Visible="true" RedTint="255" GreenTint="255" BlueTint="255" AlphaTint="255" RedOffset="0" GreenOffset="0" BlueOffset="0" Rotation="0" Interpolated="false"/>
			</RootAnimation>
			<LayerAnimations>
				<LayerAnimation LayerId="0" Visible="true">
					<Frame XPosition="-14" YPosition="-171" XPivot="211" YPivot="279" XCrop="0" YCrop="0" Width="450" Height="450" XScale="100" YScale="100" Delay="2" Visible="true" RedTint="255" GreenTint="255" BlueTint="255" AlphaTint="255" RedOffset="0" GreenOffset="0" BlueOffset="0" Rotation="0" Interpolated="true"/>
					<Frame XPosition="-14" YPosition="-135" XPivot="211" YPivot="279" XCrop="0" YCrop="0" Width="450" Height="450" XScale="120" YScale="80" Delay="4" Visible="true" RedTint="255" GreenTint="255" BlueTint="255" AlphaTint="255" RedOffset="0" GreenOffset="0" BlueOffset="0" Rotation="0" Interpolated="true"/>
					<Frame XPosition="-14" YPosition="-171" XPivot="211" YPivot="279" XCrop="0" YCrop="0" Width="450" Height="450" XScale="100" YScale="100" Delay="1" Visible="true" RedTint="255" GreenTint="255" BlueTint="255" AlphaTint="255" RedOffset="0" GreenOffset="0" BlueOffset="0" Rotation="0" Interpolated="false"/>
				</LayerAnimation>
				<LayerAnimation LayerId="3" Visible="true">
					<Frame XPosition="-14" YPosition="-171" XPivot="211" YPivot="279" XCrop="0" YCrop="0" Width="450" Height="450" XScale="100" YScale="100" Delay="2" Visible="true" RedTint="255" GreenTint="255" BlueTint="255" AlphaTint="255" RedOffset="0" GreenOffset="0" BlueOffset="0" Rotation="0" Interpolated="true"/>
					<Frame XPosition="-14" YPosition="-140" XPivot="211" YPivot="279" XCrop="0" YCrop="0" Width="450" Height="450" XScale="120" YScale="80" Delay="4" Visible="true" RedTint="255" GreenTint="255" BlueTint="255" AlphaTint="255" RedOffset="0" GreenOffset="0" BlueOffset="0" Rotation="0" Interpolated="true"/>
					<Frame XPosition="-14" YPosition="-171" XPivot="211" YPivot="279" XCrop="0" YCrop="0" Width="450" Height="450" XScale="100" YScale="100" Delay="1" Visible="true" RedTint="255" GreenTint="255" BlueTint="255" AlphaTint="255" RedOffset="0" GreenOffset="0" BlueOffset="0" Rotation="0" Interpolated="false"/>
				</LayerAnimation>
				<LayerAnimation LayerId="1" Visible="true">
					<Frame XPosition="81" YPosition="-148" XPivot="306" YPivot="302" XCrop="0" YCrop="0" Width="450" Height="450" XScale="100" YScale="100" Delay="2" Visible="true" RedTint="255" GreenTint="255" BlueTint="255" AlphaTint="255" RedOffset="0" GreenOffset="0" BlueOffset="0" Rotation="-15" Interpolated="true"/>
					<Frame XPosition="101" YPosition="-126" XPivot="306" YPivot="302" XCrop="0" YCrop="0" Width="450" Height="450" XScale="120" YScale="80" Delay="4" Visible="true" RedTint="255" GreenTint="255" BlueTint="255" AlphaTint="255" RedOffset="0" GreenOffset="0" BlueOffset="0" Rotation="-30" Interpolated="true"/>
					<Frame XPosition="81" YPosition="-148" XPivot="306" YPivot="302" XCrop="0" YCrop="0" Width="450" Height="450" XScale="100" YScale="100" Delay="1" Visible="true" RedTint="255" GreenTint="255" BlueTint="255" AlphaTint="255" RedOffset="0" GreenOffset="0" BlueOffset="0" Rotation="-15" Interpolated="false"/>
				</LayerAnimation>
				<LayerAnimation LayerId="2" Visible="true">
					<Frame XPosition="-114" YPosition="-148" XPivot="111" YPivot="302" XCrop="0" YCrop="0" Width="450" Height="450" XScale="100" YScale="100" Delay="2" Visible="true" RedTint="255" GreenTint="255" BlueTint="255" AlphaTint="255" RedOffset="0" GreenOffset="0" BlueOffset="0" Rotation="15" Interpolated="true"/>
					<Frame XPosition="-130" YPosition="-118" XPivot="111" YPivot="302" XCrop="0" YCrop="0" Width="450" Height="450" XScale="120" YScale="80" Delay="4" Visible="true" RedTint="255" GreenTint="255" BlueTint="255" AlphaTint="255" RedOffset="0" GreenOffset="0" BlueOffset="0" Rotation="-15" Interpolated="true"/>
					<Frame XPosition="-114" YPosition="-148" XPivot="111" YPivot="302" XCrop="0" YCrop="0" Width="450" Height="450" XScale="100" YScale="100" Delay="1" Visible="true" RedTint="255" GreenTint="255" BlueTint="255" AlphaTint="255" RedOffset="0" GreenOffset="0" BlueOffset="0" Rotation="15" Interpolated="false"/>
				</LayerAnimation>
			</LayerAnimations>
			<NullAnimations/>
			<Triggers>
				<Trigger EventId="0" AtFrame="6"/>
			</Triggers>
		</Animation>
	</Animations>
</AnimatedActor>
