<AnimatedActor>
	<Info CreatedBy="Temple9" CreatedOn="2022/6/19 11:20:29" Version="1" Fps="30"/>
	<Content>
		<Spritesheets>
			<Spritesheet Path="Donu_body.png" Id="0"/>
			<Spritesheet Path="Donu_leftHand.png" Id="1"/>
			<Spritesheet Path="Donu_rightHand.png" Id="2"/>
			<Spritesheet Path="Donu_feet.png" Id="3"/>
		</Spritesheets>
		<Layers>
			<Layer Name="body" Id="0" SpritesheetId="0"/>
			<Layer Name="feet" Id="1" SpritesheetId="3"/>
			<Layer Name="leftHand" Id="2" SpritesheetId="1"/>
			<Layer Name="rightHand" Id="3" SpritesheetId="2"/>
		</Layers>
		<Nulls/>
		<Events>
			<Event Name="loop" Id="0"/>
		</Events>
	</Content>
	<Animations DefaultAnimation="idle">
		<Animation Name="idle" FrameNum="48" Loop="true">
			<RootAnimation>
				<Frame XPosition="0" YPosition="0" XScale="100" YScale="100" Delay="48" Visible="true" RedTint="255" GreenTint="255" BlueTint="255" AlphaTint="255" RedOffset="0" GreenOffset="0" BlueOffset="0" Rotation="0" Interpolated="false"/>
			</RootAnimation>
			<LayerAnimations>
				<LayerAnimation LayerId="1" Visible="true">
					<Frame XPosition="0" YPosition="0" XPivot="225" YPivot="450" XCrop="0" YCrop="0" Width="450" Height="450" XScale="100" YScale="100" Delay="12" Visible="true" RedTint="255" GreenTint="255" BlueTint="255" AlphaTint="255" RedOffset="0" GreenOffset="0" BlueOffset="0" Rotation="0" Interpolated="true"/>
					<Frame XPosition="-7" YPosition="-10" XPivot="225" YPivot="450" XCrop="0" YCrop="0" Width="450" Height="450" XScale="102" YScale="70" Delay="12" Visible="true" RedTint="255" GreenTint="255" BlueTint="255" AlphaTint="255" RedOffset="0" GreenOffset="0" BlueOffset="0" Rotation="0" Interpolated="true"/>
					<Frame XPosition="0" YPosition="0" XPivot="225" YPivot="450" XCrop="0" YCrop="0" Width="450" Height="450" XScale="100" YScale="100" Delay="12" Visible="true" RedTint="255" GreenTint="255" BlueTint="255" AlphaTint="255" RedOffset="0" GreenOffset="0" BlueOffset="0" Rotation="0" Interpolated="true"/>
					<Frame XPosition="7" YPosition="-10" XPivot="225" YPivot="450" XCrop="0" YCrop="0" Width="450" Height="450" XScale="102" YScale="70" Delay="11" Visible="true" RedTint="255" GreenTint="255" BlueTint="255" AlphaTint="255" RedOffset="0" GreenOffset="0" BlueOffset="0" Rotation="0" Interpolated="true"/>
					<Frame XPosition="0" YPosition="0" XPivot="225" YPivot="450" XCrop="0" YCrop="0" Width="450" Height="450" XScale="100" YScale="100" Delay="1" Visible="true" RedTint="255" GreenTint="255" BlueTint="255" AlphaTint="255" RedOffset="0" GreenOffset="0" BlueOffset="0" Rotation="0" Interpolated="false"/>
				</LayerAnimation>
				<LayerAnimation LayerId="0" Visible="true">
					<Frame XPosition="0" YPosition="0" XPivot="225" YPivot="450" XCrop="0" YCrop="0" Width="450" Height="450" XScale="100" YScale="100" Delay="12" Visible="true" RedTint="255" GreenTint="255" BlueTint="255" AlphaTint="255" RedOffset="0" GreenOffset="0" BlueOffset="0" Rotation="0" Interpolated="true"/>
					<Frame XPosition="-8" YPosition="15" XPivot="225" YPivot="450" XCrop="0" YCrop="0" Width="450" Height="450" XScale="95" YScale="100" Delay="12" Visible="true" RedTint="255" GreenTint="255" BlueTint="255" AlphaTint="255" RedOffset="0" GreenOffset="0" BlueOffset="0" Rotation="0" Interpolated="true"/>
					<Frame XPosition="0" YPosition="0" XPivot="225" YPivot="450" XCrop="0" YCrop="0" Width="450" Height="450" XScale="100" YScale="100" Delay="12" Visible="true" RedTint="255" GreenTint="255" BlueTint="255" AlphaTint="255" RedOffset="0" GreenOffset="0" BlueOffset="0" Rotation="0" Interpolated="true"/>
					<Frame XPosition="8" YPosition="15" XPivot="225" YPivot="450" XCrop="0" YCrop="0" Width="450" Height="450" XScale="95" YScale="100" Delay="11" Visible="true" RedTint="255" GreenTint="255" BlueTint="255" AlphaTint="255" RedOffset="0" GreenOffset="0" BlueOffset="0" Rotation="0" Interpolated="true"/>
					<Frame XPosition="0" YPosition="0" XPivot="225" YPivot="450" XCrop="0" YCrop="0" Width="450" Height="450" XScale="100" YScale="100" Delay="1" Visible="true" RedTint="255" GreenTint="255" BlueTint="255" AlphaTint="255" RedOffset="0" GreenOffset="0" BlueOffset="0" Rotation="0" Interpolated="false"/>
				</LayerAnimation>
				<LayerAnimation LayerId="2" Visible="true">
					<Frame XPosition="-115" YPosition="-110" XPivot="110" YPivot="340" XCrop="0" YCrop="0" Width="450" Height="450" XScale="100" YScale="100" Delay="12" Visible="true" RedTint="255" GreenTint="255" BlueTint="255" AlphaTint="255" RedOffset="0" GreenOffset="0" BlueOffset="0" Rotation="0" Interpolated="true"/>
					<Frame XPosition="-122" YPosition="-100" XPivot="110" YPivot="340" XCrop="0" YCrop="0" Width="450" Height="450" XScale="100" YScale="100" Delay="12" Visible="true" RedTint="255" GreenTint="255" BlueTint="255" AlphaTint="255" RedOffset="0" GreenOffset="0" BlueOffset="0" Rotation="30" Interpolated="true"/>
					<Frame XPosition="-115" YPosition="-110" XPivot="110" YPivot="340" XCrop="0" YCrop="0" Width="450" Height="450" XScale="100" YScale="100" Delay="12" Visible="true" RedTint="255" GreenTint="255" BlueTint="255" AlphaTint="255" RedOffset="0" GreenOffset="0" BlueOffset="0" Rotation="0" Interpolated="true"/>
					<Frame XPosition="-98" YPosition="-100" XPivot="110" YPivot="340" XCrop="0" YCrop="0" Width="450" Height="450" XScale="100" YScale="100" Delay="11" Visible="true" RedTint="255" GreenTint="255" BlueTint="255" AlphaTint="255" RedOffset="0" GreenOffset="0" BlueOffset="0" Rotation="-30" Interpolated="true"/>
					<Frame XPosition="-115" YPosition="-110" XPivot="110" YPivot="340" XCrop="0" YCrop="0" Width="450" Height="450" XScale="100" YScale="100" Delay="1" Visible="true" RedTint="255" GreenTint="255" BlueTint="255" AlphaTint="255" RedOffset="0" GreenOffset="0" BlueOffset="0" Rotation="0" Interpolated="false"/>
				</LayerAnimation>
				<LayerAnimation LayerId="3" Visible="true">
					<Frame XPosition="48" YPosition="-114" XPivot="273" YPivot="336" XCrop="0" YCrop="0" Width="450" Height="450" XScale="100" YScale="100" Delay="12" Visible="true" RedTint="255" GreenTint="255" BlueTint="255" AlphaTint="255" RedOffset="0" GreenOffset="0" BlueOffset="0" Rotation="0" Interpolated="true"/>
					<Frame XPosition="41" YPosition="-104" XPivot="273" YPivot="336" XCrop="0" YCrop="0" Width="450" Height="450" XScale="100" YScale="100" Delay="12" Visible="true" RedTint="255" GreenTint="255" BlueTint="255" AlphaTint="255" RedOffset="0" GreenOffset="0" BlueOffset="0" Rotation="30" Interpolated="true"/>
					<Frame XPosition="48" YPosition="-114" XPivot="273" YPivot="336" XCrop="0" YCrop="0" Width="450" Height="450" XScale="100" YScale="100" Delay="12" Visible="true" RedTint="255" GreenTint="255" BlueTint="255" AlphaTint="255" RedOffset="0" GreenOffset="0" BlueOffset="0" Rotation="0" Interpolated="true"/>
					<Frame XPosition="55" YPosition="-104" XPivot="273" YPivot="336" XCrop="0" YCrop="0" Width="450" Height="450" XScale="100" YScale="100" Delay="11" Visible="true" RedTint="255" GreenTint="255" BlueTint="255" AlphaTint="255" RedOffset="0" GreenOffset="0" BlueOffset="0" Rotation="-30" Interpolated="true"/>
					<Frame XPosition="48" YPosition="-114" XPivot="273" YPivot="336" XCrop="0" YCrop="0" Width="450" Height="450" XScale="100" YScale="100" Delay="1" Visible="true" RedTint="255" GreenTint="255" BlueTint="255" AlphaTint="255" RedOffset="0" GreenOffset="0" BlueOffset="0" Rotation="0" Interpolated="false"/>
				</LayerAnimation>
			</LayerAnimations>
			<NullAnimations/>
			<Triggers/>
		</Animation>
		<Animation Name="attack" FrameNum="16" Loop="false">
			<RootAnimation>
				<Frame XPosition="0" YPosition="0" XScale="100" YScale="100" Delay="16" Visible="true" RedTint="255" GreenTint="255" BlueTint="255" AlphaTint="255" RedOffset="0" GreenOffset="0" BlueOffset="0" Rotation="0" Interpolated="false"/>
			</RootAnimation>
			<LayerAnimations>
				<LayerAnimation LayerId="1" Visible="true">
					<Frame XPosition="0" YPosition="0" XPivot="225" YPivot="450" XCrop="0" YCrop="0" Width="450" Height="450" XScale="120" YScale="80" Delay="3" Visible="true" RedTint="255" GreenTint="255" BlueTint="255" AlphaTint="255" RedOffset="0" GreenOffset="0" BlueOffset="0" Rotation="0" Interpolated="true"/>
					<Frame XPosition="-186" YPosition="-154" XPivot="225" YPivot="450" XCrop="0" YCrop="0" Width="450" Height="450" XScale="102" YScale="70" Delay="3" Visible="true" RedTint="255" GreenTint="255" BlueTint="255" AlphaTint="255" RedOffset="0" GreenOffset="0" BlueOffset="0" Rotation="30" Interpolated="true"/>
					<Frame XPosition="-216" YPosition="0" XPivot="225" YPivot="450" XCrop="0" YCrop="0" Width="450" Height="450" XScale="120" YScale="80" Delay="3" Visible="true" RedTint="255" GreenTint="255" BlueTint="255" AlphaTint="255" RedOffset="0" GreenOffset="0" BlueOffset="0" Rotation="0" Interpolated="true"/>
					<Frame XPosition="-107" YPosition="-137" XPivot="225" YPivot="450" XCrop="0" YCrop="0" Width="450" Height="450" XScale="102" YScale="70" Delay="3" Visible="true" RedTint="255" GreenTint="255" BlueTint="255" AlphaTint="255" RedOffset="0" GreenOffset="0" BlueOffset="0" Rotation="0" Interpolated="true"/>
					<Frame XPosition="0" YPosition="0" XPivot="225" YPivot="450" XCrop="0" YCrop="0" Width="450" Height="450" XScale="120" YScale="80" Delay="3" Visible="true" RedTint="255" GreenTint="255" BlueTint="255" AlphaTint="255" RedOffset="0" GreenOffset="0" BlueOffset="0" Rotation="0" Interpolated="true"/>
					<Frame XPosition="0" YPosition="0" XPivot="225" YPivot="450" XCrop="0" YCrop="0" Width="450" Height="450" XScale="100" YScale="100" Delay="1" Visible="true" RedTint="255" GreenTint="255" BlueTint="255" AlphaTint="255" RedOffset="0" GreenOffset="0" BlueOffset="0" Rotation="0" Interpolated="false"/>
				</LayerAnimation>
				<LayerAnimation LayerId="0" Visible="true">
					<Frame XPosition="0" YPosition="-141" XPivot="225" YPivot="275" XCrop="0" YCrop="0" Width="450" Height="450" XScale="120" YScale="80" Delay="3" Visible="true" RedTint="255" GreenTint="255" BlueTint="255" AlphaTint="255" RedOffset="0" GreenOffset="0" BlueOffset="0" Rotation="0" Interpolated="true"/>
					<Frame XPosition="-108" YPosition="-290" XPivot="225" YPivot="275" XCrop="0" YCrop="0" Width="450" Height="450" XScale="95" YScale="100" Delay="3" Visible="true" RedTint="255" GreenTint="255" BlueTint="255" AlphaTint="255" RedOffset="0" GreenOffset="0" BlueOffset="0" Rotation="30" Interpolated="true"/>
					<Frame XPosition="-216" YPosition="-141" XPivot="225" YPivot="275" XCrop="0" YCrop="0" Width="450" Height="450" XScale="120" YScale="80" Delay="3" Visible="true" RedTint="255" GreenTint="255" BlueTint="255" AlphaTint="255" RedOffset="0" GreenOffset="0" BlueOffset="0" Rotation="0" Interpolated="true"/>
					<Frame XPosition="-108" YPosition="-290" XPivot="225" YPivot="275" XCrop="0" YCrop="0" Width="450" Height="450" XScale="100" YScale="100" Delay="3" Visible="true" RedTint="255" GreenTint="255" BlueTint="255" AlphaTint="255" RedOffset="0" GreenOffset="0" BlueOffset="0" Rotation="0" Interpolated="true"/>
					<Frame XPosition="0" YPosition="-141" XPivot="225" YPivot="275" XCrop="0" YCrop="0" Width="450" Height="450" XScale="120" YScale="80" Delay="3" Visible="true" RedTint="255" GreenTint="255" BlueTint="255" AlphaTint="255" RedOffset="0" GreenOffset="0" BlueOffset="0" Rotation="0" Interpolated="true"/>
					<Frame XPosition="0" YPosition="-175" XPivot="225" YPivot="275" XCrop="0" YCrop="0" Width="450" Height="450" XScale="100" YScale="100" Delay="1" Visible="true" RedTint="255" GreenTint="255" BlueTint="255" AlphaTint="255" RedOffset="0" GreenOffset="0" BlueOffset="0" Rotation="0" Interpolated="false"/>
				</LayerAnimation>
				<LayerAnimation LayerId="2" Visible="true">
					<Frame XPosition="-133" YPosition="-93" XPivot="110" YPivot="340" XCrop="0" YCrop="0" Width="450" Height="450" XScale="120" YScale="80" Delay="3" Visible="true" RedTint="255" GreenTint="255" BlueTint="255" AlphaTint="255" RedOffset="0" GreenOffset="0" BlueOffset="0" Rotation="0" Interpolated="true"/>
					<Frame XPosition="-232" YPosition="-295" XPivot="110" YPivot="340" XCrop="0" YCrop="0" Width="450" Height="450" XScale="100" YScale="100" Delay="3" Visible="true" RedTint="255" GreenTint="255" BlueTint="255" AlphaTint="255" RedOffset="0" GreenOffset="0" BlueOffset="0" Rotation="60" Interpolated="true"/>
					<Frame XPosition="-349" YPosition="-106" XPivot="110" YPivot="340" XCrop="0" YCrop="0" Width="450" Height="450" XScale="120" YScale="80" Delay="3" Visible="true" RedTint="255" GreenTint="255" BlueTint="255" AlphaTint="255" RedOffset="0" GreenOffset="0" BlueOffset="0" Rotation="0" Interpolated="true"/>
					<Frame XPosition="-223" YPosition="-234" XPivot="110" YPivot="340" XCrop="0" YCrop="0" Width="450" Height="450" XScale="100" YScale="100" Delay="3" Visible="true" RedTint="255" GreenTint="255" BlueTint="255" AlphaTint="255" RedOffset="0" GreenOffset="0" BlueOffset="0" Rotation="0" Interpolated="true"/>
					<Frame XPosition="-133" YPosition="-93" XPivot="110" YPivot="340" XCrop="0" YCrop="0" Width="450" Height="450" XScale="120" YScale="80" Delay="3" Visible="true" RedTint="255" GreenTint="255" BlueTint="255" AlphaTint="255" RedOffset="0" GreenOffset="0" BlueOffset="0" Rotation="0" Interpolated="true"/>
					<Frame XPosition="-115" YPosition="-110" XPivot="110" YPivot="340" XCrop="0" YCrop="0" Width="450" Height="450" XScale="100" YScale="100" Delay="1" Visible="true" RedTint="255" GreenTint="255" BlueTint="255" AlphaTint="255" RedOffset="0" GreenOffset="0" BlueOffset="0" Rotation="0" Interpolated="false"/>
				</LayerAnimation>
				<LayerAnimation LayerId="3" Visible="true">
					<Frame XPosition="54" YPosition="-91" XPivot="273" YPivot="336" XCrop="0" YCrop="0" Width="450" Height="450" XScale="120" YScale="80" Delay="3" Visible="true" RedTint="255" GreenTint="255" BlueTint="255" AlphaTint="255" RedOffset="0" GreenOffset="0" BlueOffset="0" Rotation="0" Interpolated="true"/>
					<Frame XPosition="-103" YPosition="-214" XPivot="273" YPivot="336" XCrop="0" YCrop="0" Width="450" Height="450" XScale="100" YScale="100" Delay="3" Visible="true" RedTint="255" GreenTint="255" BlueTint="255" AlphaTint="255" RedOffset="0" GreenOffset="0" BlueOffset="0" Rotation="60" Interpolated="true"/>
					<Frame XPosition="-166" YPosition="-94" XPivot="273" YPivot="336" XCrop="0" YCrop="0" Width="450" Height="450" XScale="120" YScale="80" Delay="3" Visible="true" RedTint="255" GreenTint="255" BlueTint="255" AlphaTint="255" RedOffset="0" GreenOffset="0" BlueOffset="0" Rotation="0" Interpolated="true"/>
					<Frame XPosition="-65" YPosition="-232" XPivot="273" YPivot="336" XCrop="0" YCrop="0" Width="450" Height="450" XScale="100" YScale="100" Delay="3" Visible="true" RedTint="255" GreenTint="255" BlueTint="255" AlphaTint="255" RedOffset="0" GreenOffset="0" BlueOffset="0" Rotation="0" Interpolated="true"/>
					<Frame XPosition="54" YPosition="-91" XPivot="273" YPivot="336" XCrop="0" YCrop="0" Width="450" Height="450" XScale="120" YScale="80" Delay="3" Visible="true" RedTint="255" GreenTint="255" BlueTint="255" AlphaTint="255" RedOffset="0" GreenOffset="0" BlueOffset="0" Rotation="0" Interpolated="true"/>
					<Frame XPosition="48" YPosition="-114" XPivot="273" YPivot="336" XCrop="0" YCrop="0" Width="450" Height="450" XScale="100" YScale="100" Delay="1" Visible="true" RedTint="255" GreenTint="255" BlueTint="255" AlphaTint="255" RedOffset="0" GreenOffset="0" BlueOffset="0" Rotation="0" Interpolated="false"/>
				</LayerAnimation>
			</LayerAnimations>
			<NullAnimations/>
			<Triggers>
				<Trigger EventId="0" AtFrame="15"/>
			</Triggers>
		</Animation>
		<Animation Name="hit" FrameNum="7" Loop="false">
			<RootAnimation>
				<Frame XPosition="0" YPosition="0" XScale="100" YScale="100" Delay="7" Visible="true" RedTint="255" GreenTint="255" BlueTint="255" AlphaTint="255" RedOffset="0" GreenOffset="0" BlueOffset="0" Rotation="0" Interpolated="false"/>
			</RootAnimation>
			<LayerAnimations>
				<LayerAnimation LayerId="1" Visible="true">
					<Frame XPosition="0" YPosition="0" XPivot="225" YPivot="450" XCrop="0" YCrop="0" Width="450" Height="450" XScale="100" YScale="100" Delay="2" Visible="true" RedTint="255" GreenTint="255" BlueTint="255" AlphaTint="255" RedOffset="0" GreenOffset="0" BlueOffset="0" Rotation="0" Interpolated="true"/>
					<Frame XPosition="20" YPosition="0" XPivot="225" YPivot="450" XCrop="0" YCrop="0" Width="450" Height="450" XScale="140" YScale="60" Delay="4" Visible="true" RedTint="255" GreenTint="255" BlueTint="255" AlphaTint="255" RedOffset="0" GreenOffset="0" BlueOffset="0" Rotation="0" Interpolated="true"/>
					<Frame XPosition="0" YPosition="0" XPivot="225" YPivot="450" XCrop="0" YCrop="0" Width="450" Height="450" XScale="100" YScale="100" Delay="1" Visible="true" RedTint="255" GreenTint="255" BlueTint="255" AlphaTint="255" RedOffset="0" GreenOffset="0" BlueOffset="0" Rotation="0" Interpolated="false"/>
				</LayerAnimation>
				<LayerAnimation LayerId="0" Visible="true">
					<Frame XPosition="0" YPosition="-175" XPivot="225" YPivot="275" XCrop="0" YCrop="0" Width="450" Height="450" XScale="100" YScale="100" Delay="2" Visible="true" RedTint="255" GreenTint="255" BlueTint="255" AlphaTint="255" RedOffset="0" GreenOffset="0" BlueOffset="0" Rotation="0" Interpolated="true"/>
					<Frame XPosition="20" YPosition="-106" XPivot="225" YPivot="275" XCrop="0" YCrop="0" Width="450" Height="450" XScale="140" YScale="60" Delay="4" Visible="true" RedTint="255" GreenTint="255" BlueTint="255" AlphaTint="255" RedOffset="0" GreenOffset="0" BlueOffset="0" Rotation="0" Interpolated="true"/>
					<Frame XPosition="0" YPosition="-175" XPivot="225" YPivot="275" XCrop="0" YCrop="0" Width="450" Height="450" XScale="100" YScale="100" Delay="1" Visible="true" RedTint="255" GreenTint="255" BlueTint="255" AlphaTint="255" RedOffset="0" GreenOffset="0" BlueOffset="0" Rotation="0" Interpolated="false"/>
				</LayerAnimation>
				<LayerAnimation LayerId="2" Visible="true">
					<Frame XPosition="-113" YPosition="-112" XPivot="110" YPivot="340" XCrop="0" YCrop="0" Width="450" Height="450" XScale="100" YScale="100" Delay="2" Visible="true" RedTint="255" GreenTint="255" BlueTint="255" AlphaTint="255" RedOffset="0" GreenOffset="0" BlueOffset="0" Rotation="0" Interpolated="true"/>
					<Frame XPosition="-140" YPosition="-69" XPivot="110" YPivot="340" XCrop="0" YCrop="0" Width="450" Height="450" XScale="140" YScale="60" Delay="4" Visible="true" RedTint="255" GreenTint="255" BlueTint="255" AlphaTint="255" RedOffset="0" GreenOffset="0" BlueOffset="0" Rotation="0" Interpolated="true"/>
					<Frame XPosition="-115" YPosition="-110" XPivot="110" YPivot="340" XCrop="0" YCrop="0" Width="450" Height="450" XScale="100" YScale="100" Delay="1" Visible="true" RedTint="255" GreenTint="255" BlueTint="255" AlphaTint="255" RedOffset="0" GreenOffset="0" BlueOffset="0" Rotation="0" Interpolated="false"/>
				</LayerAnimation>
				<LayerAnimation LayerId="3" Visible="true">
					<Frame XPosition="44" YPosition="-114" XPivot="273" YPivot="336" XCrop="0" YCrop="0" Width="450" Height="450" XScale="100" YScale="100" Delay="2" Visible="true" RedTint="255" GreenTint="255" BlueTint="255" AlphaTint="255" RedOffset="0" GreenOffset="0" BlueOffset="0" Rotation="0" Interpolated="true"/>
					<Frame XPosition="80" YPosition="-66" XPivot="273" YPivot="336" XCrop="0" YCrop="0" Width="450" Height="450" XScale="140" YScale="60" Delay="4" Visible="true" RedTint="255" GreenTint="255" BlueTint="255" AlphaTint="255" RedOffset="0" GreenOffset="0" BlueOffset="0" Rotation="0" Interpolated="true"/>
					<Frame XPosition="48" YPosition="-114" XPivot="273" YPivot="336" XCrop="0" YCrop="0" Width="450" Height="450" XScale="100" YScale="100" Delay="1" Visible="true" RedTint="255" GreenTint="255" BlueTint="255" AlphaTint="255" RedOffset="0" GreenOffset="0" BlueOffset="0" Rotation="0" Interpolated="false"/>
				</LayerAnimation>
			</LayerAnimations>
			<NullAnimations/>
			<Triggers>
				<Trigger EventId="0" AtFrame="6"/>
			</Triggers>
		</Animation>
	</Animations>
</AnimatedActor>
