<AnimatedActor>
	<Info CreatedBy="Temple9" CreatedOn="2022/4/30 12:43:51" Version="12" Fps="30"/>
	<Content>
		<Spritesheets>
			<Spritesheet Path="FungiBeast.png" Id="0"/>
		</Spritesheets>
		<Layers>
			<Layer Name="FungiBeast" Id="0" SpritesheetId="0"/>
		</Layers>
		<Nulls/>
		<Events>
			<Event Name="loop" Id="0"/>
		</Events>
	</Content>
	<Animations DefaultAnimation="idle">
		<Animation Name="idle" FrameNum="60" Loop="true">
			<RootAnimation>
				<Frame XPosition="0" YPosition="0" XScale="100" YScale="100" Delay="60" Visible="true" RedTint="255" GreenTint="255" BlueTint="255" AlphaTint="255" RedOffset="0" GreenOffset="0" BlueOffset="0" Rotation="0" Interpolated="false"/>
			</RootAnimation>
			<LayerAnimations>
				<LayerAnimation LayerId="0" Visible="true">
					<Frame XPosition="0" YPosition="0" XPivot="230" YPivot="346" XCrop="0" YCrop="0" Width="400" Height="400" XScale="80" YScale="80" Delay="30" Visible="true" RedTint="255" GreenTint="255" BlueTint="255" AlphaTint="255" RedOffset="0" GreenOffset="0" BlueOffset="0" Rotation="0" Interpolated="true"/>
					<Frame XPosition="0" YPosition="0" XPivot="230" YPivot="346" XCrop="0" YCrop="0" Width="400" Height="400" XScale="82" YScale="75" Delay="29" Visible="true" RedTint="255" GreenTint="255" BlueTint="255" AlphaTint="255" RedOffset="0" GreenOffset="0" BlueOffset="0" Rotation="0" Interpolated="true"/>
					<Frame XPosition="0" YPosition="0" XPivot="230" YPivot="346" XCrop="0" YCrop="0" Width="400" Height="400" XScale="80" YScale="80" Delay="1" Visible="true" RedTint="255" GreenTint="255" BlueTint="255" AlphaTint="255" RedOffset="0" GreenOffset="0" BlueOffset="0" Rotation="0" Interpolated="false"/>
				</LayerAnimation>
			</LayerAnimations>
			<NullAnimations/>
			<Triggers/>
		</Animation>
		<Animation Name="attack" FrameNum="20" Loop="false">
			<RootAnimation>
				<Frame XPosition="0" YPosition="0" XScale="100" YScale="100" Delay="20" Visible="true" RedTint="255" GreenTint="255" BlueTint="255" AlphaTint="255" RedOffset="0" GreenOffset="0" BlueOffset="0" Rotation="0" Interpolated="false"/>
			</RootAnimation>
			<LayerAnimations>
				<LayerAnimation LayerId="0" Visible="true">
					<Frame XPosition="0" YPosition="0" XPivot="230" YPivot="346" XCrop="0" YCrop="0" Width="400" Height="400" XScale="80" YScale="80" Delay="7" Visible="true" RedTint="255" GreenTint="255" BlueTint="255" AlphaTint="255" RedOffset="0" GreenOffset="0" BlueOffset="0" Rotation="0" Interpolated="true"/>
					<Frame XPosition="0" YPosition="0" XPivot="230" YPivot="346" XCrop="0" YCrop="0" Width="400" Height="400" XScale="102" YScale="60" Delay="3" Visible="true" RedTint="255" GreenTint="255" BlueTint="255" AlphaTint="255" RedOffset="0" GreenOffset="0" BlueOffset="0" Rotation="30" Interpolated="true"/>
					<Frame XPosition="0" YPosition="0" XPivot="230" YPivot="346" XCrop="0" YCrop="0" Width="400" Height="400" XScale="120" YScale="50" Delay="9" Visible="true" RedTint="255" GreenTint="255" BlueTint="255" AlphaTint="255" RedOffset="0" GreenOffset="0" BlueOffset="0" Rotation="-20" Interpolated="true"/>
					<Frame XPosition="0" YPosition="0" XPivot="230" YPivot="346" XCrop="0" YCrop="0" Width="400" Height="400" XScale="80" YScale="80" Delay="1" Visible="true" RedTint="255" GreenTint="255" BlueTint="255" AlphaTint="255" RedOffset="0" GreenOffset="0" BlueOffset="0" Rotation="0" Interpolated="false"/>
				</LayerAnimation>
			</LayerAnimations>
			<NullAnimations/>
			<Triggers>
				<Trigger EventId="0" AtFrame="19"/>
			</Triggers>
		</Animation>
		<Animation Name="hit" FrameNum="8" Loop="false">
			<RootAnimation>
				<Frame XPosition="0" YPosition="0" XScale="100" YScale="100" Delay="8" Visible="true" RedTint="255" GreenTint="255" BlueTint="255" AlphaTint="255" RedOffset="0" GreenOffset="0" BlueOffset="0" Rotation="0" Interpolated="false"/>
			</RootAnimation>
			<LayerAnimations>
				<LayerAnimation LayerId="0" Visible="true">
					<Frame XPosition="0" YPosition="0" XPivot="230" YPivot="346" XCrop="0" YCrop="0" Width="400" Height="400" XScale="80" YScale="80" Delay="2" Visible="true" RedTint="255" GreenTint="255" BlueTint="255" AlphaTint="255" RedOffset="0" GreenOffset="0" BlueOffset="0" Rotation="0" Interpolated="true"/>
					<Frame XPosition="0" YPosition="0" XPivot="230" YPivot="346" XCrop="0" YCrop="0" Width="400" Height="400" XScale="122" YScale="40" Delay="5" Visible="true" RedTint="255" GreenTint="255" BlueTint="255" AlphaTint="255" RedOffset="0" GreenOffset="0" BlueOffset="0" Rotation="5" Interpolated="true"/>
					<Frame XPosition="0" YPosition="0" XPivot="230" YPivot="346" XCrop="0" YCrop="0" Width="400" Height="400" XScale="80" YScale="80" Delay="1" Visible="true" RedTint="255" GreenTint="255" BlueTint="255" AlphaTint="255" RedOffset="0" GreenOffset="0" BlueOffset="0" Rotation="0" Interpolated="false"/>
				</LayerAnimation>
			</LayerAnimations>
			<NullAnimations/>
			<Triggers>
				<Trigger EventId="0" AtFrame="7"/>
			</Triggers>
		</Animation>
	</Animations>
</AnimatedActor>
