<AnimatedActor>
	<Info CreatedBy="Temple9" CreatedOn="2022/4/19 23:52:38" Version="25" Fps="60"/>
	<Content>
		<Spritesheets>
			<Spritesheet Path="GremlinWarrior.png" Id="0"/>
		</Spritesheets>
		<Layers>
			<Layer Name="GremlinWarrior" Id="0" SpritesheetId="0"/>
		</Layers>
		<Nulls/>
		<Events/>
	</Content>
	<Animations DefaultAnimation="idle">
		<Animation Name="idle" FrameNum="41" Loop="true">
			<RootAnimation>
				<Frame XPosition="0" YPosition="0" XScale="100" YScale="100" Delay="41" Visible="true" RedTint="255" GreenTint="255" BlueTint="255" AlphaTint="255" RedOffset="0" GreenOffset="0" BlueOffset="0" Rotation="0" Interpolated="false"/>
			</RootAnimation>
			<LayerAnimations>
				<LayerAnimation LayerId="0" Visible="true">
					<Frame XPosition="-20" YPosition="0" XPivot="230" YPivot="346" XCrop="0" YCrop="0" Width="400" Height="400" XScale="60" YScale="60" Delay="10" Visible="true" RedTint="255" GreenTint="255" BlueTint="255" AlphaTint="255" RedOffset="0" GreenOffset="0" BlueOffset="0" Rotation="-15" Interpolated="true"/>
					<Frame XPosition="0" YPosition="-30" XPivot="230" YPivot="346" XCrop="0" YCrop="0" Width="400" Height="400" XScale="59" YScale="58" Delay="10" Visible="true" RedTint="255" GreenTint="255" BlueTint="255" AlphaTint="255" RedOffset="0" GreenOffset="0" BlueOffset="0" Rotation="0" Interpolated="true"/>
					<Frame XPosition="20" YPosition="0" XPivot="230" YPivot="346" XCrop="0" YCrop="0" Width="400" Height="400" XScale="60" YScale="60" Delay="10" Visible="true" RedTint="255" GreenTint="255" BlueTint="255" AlphaTint="255" RedOffset="0" GreenOffset="0" BlueOffset="0" Rotation="15" Interpolated="true"/>
					<Frame XPosition="0" YPosition="-30" XPivot="230" YPivot="346" XCrop="0" YCrop="0" Width="400" Height="400" XScale="59" YScale="58" Delay="10" Visible="true" RedTint="255" GreenTint="255" BlueTint="255" AlphaTint="255" RedOffset="0" GreenOffset="0" BlueOffset="0" Rotation="0" Interpolated="true"/>
					<Frame XPosition="-20" YPosition="0" XPivot="230" YPivot="346" XCrop="0" YCrop="0" Width="400" Height="400" XScale="60" YScale="60" Delay="1" Visible="true" RedTint="255" GreenTint="255" BlueTint="255" AlphaTint="255" RedOffset="0" GreenOffset="0" BlueOffset="0" Rotation="-15" Interpolated="false"/>
				</LayerAnimation>
			</LayerAnimations>
			<NullAnimations/>
			<Triggers/>
		</Animation>
	</Animations>
</AnimatedActor>
