<AnimatedActor>
	<Info CreatedBy="Temple9" CreatedOn="2022/6/18 12:08:38" Version="6" Fps="30"/>
	<Content>
		<Spritesheets>
			<Spritesheet Path="GremlinLeader_body.png" Id="0"/>
			<Spritesheet Path="GremlinLeader_frontHand.png" Id="1"/>
			<Spritesheet Path="GremlinLeader_afterHand.png" Id="2"/>
			<Spritesheet Path="GremlinLeader_knife.png" Id="3"/>
		</Spritesheets>
		<Layers>
			<Layer Name="body" Id="0" SpritesheetId="0"/>
			<Layer Name="frontHand" Id="1" SpritesheetId="1"/>
			<Layer Name="afterHand" Id="2" SpritesheetId="2"/>
			<Layer Name="knife" Id="3" SpritesheetId="3"/>
		</Layers>
		<Nulls/>
		<Events>
			<Event Name="loop" Id="0"/>
		</Events>
	</Content>
	<Animations DefaultAnimation="idle">
		<Animation Name="idle" FrameNum="60" Loop="true">
			<RootAnimation>
				<Frame XPosition="0" YPosition="0" XScale="100" YScale="100" Delay="60" Visible="true" RedTint="255" GreenTint="255" BlueTint="255" AlphaTint="255" RedOffset="0" GreenOffset="0" BlueOffset="0" Rotation="0" Interpolated="false"/>
			</RootAnimation>
			<LayerAnimations>
				<LayerAnimation LayerId="3" Visible="true">
					<Frame XPosition="0" YPosition="0" XPivot="230" YPivot="450" XCrop="0" YCrop="0" Width="450" Height="450" XScale="100" YScale="100" Delay="30" Visible="true" RedTint="255" GreenTint="255" BlueTint="255" AlphaTint="255" RedOffset="0" GreenOffset="0" BlueOffset="0" Rotation="0" Interpolated="true"/>
					<Frame XPosition="-7" YPosition="0" XPivot="230" YPivot="450" XCrop="0" YCrop="0" Width="450" Height="450" XScale="103" YScale="97" Delay="29" Visible="true" RedTint="255" GreenTint="255" BlueTint="255" AlphaTint="255" RedOffset="0" GreenOffset="0" BlueOffset="0" Rotation="0" Interpolated="true"/>
					<Frame XPosition="0" YPosition="0" XPivot="230" YPivot="450" XCrop="0" YCrop="0" Width="450" Height="450" XScale="100" YScale="100" Delay="1" Visible="true" RedTint="255" GreenTint="255" BlueTint="255" AlphaTint="255" RedOffset="0" GreenOffset="0" BlueOffset="0" Rotation="0" Interpolated="false"/>
				</LayerAnimation>
				<LayerAnimation LayerId="2" Visible="true">
					<Frame XPosition="0" YPosition="0" XPivot="230" YPivot="450" XCrop="0" YCrop="0" Width="450" Height="450" XScale="100" YScale="100" Delay="30" Visible="true" RedTint="255" GreenTint="255" BlueTint="255" AlphaTint="255" RedOffset="0" GreenOffset="0" BlueOffset="0" Rotation="0" Interpolated="true"/>
					<Frame XPosition="-7" YPosition="0" XPivot="230" YPivot="450" XCrop="0" YCrop="0" Width="450" Height="450" XScale="103" YScale="97" Delay="29" Visible="true" RedTint="255" GreenTint="255" BlueTint="255" AlphaTint="255" RedOffset="0" GreenOffset="0" BlueOffset="0" Rotation="0" Interpolated="true"/>
					<Frame XPosition="0" YPosition="0" XPivot="230" YPivot="450" XCrop="0" YCrop="0" Width="450" Height="450" XScale="100" YScale="100" Delay="1" Visible="true" RedTint="255" GreenTint="255" BlueTint="255" AlphaTint="255" RedOffset="0" GreenOffset="0" BlueOffset="0" Rotation="0" Interpolated="false"/>
				</LayerAnimation>
				<LayerAnimation LayerId="0" Visible="true">
					<Frame XPosition="0" YPosition="0" XPivot="230" YPivot="450" XCrop="0" YCrop="0" Width="450" Height="450" XScale="100" YScale="100" Delay="30" Visible="true" RedTint="255" GreenTint="255" BlueTint="255" AlphaTint="255" RedOffset="0" GreenOffset="0" BlueOffset="0" Rotation="0" Interpolated="true"/>
					<Frame XPosition="0" YPosition="0" XPivot="230" YPivot="450" XCrop="0" YCrop="0" Width="450" Height="450" XScale="105" YScale="96" Delay="29" Visible="true" RedTint="255" GreenTint="255" BlueTint="255" AlphaTint="255" RedOffset="0" GreenOffset="0" BlueOffset="0" Rotation="0" Interpolated="true"/>
					<Frame XPosition="0" YPosition="0" XPivot="230" YPivot="450" XCrop="0" YCrop="0" Width="450" Height="450" XScale="100" YScale="100" Delay="1" Visible="true" RedTint="255" GreenTint="255" BlueTint="255" AlphaTint="255" RedOffset="0" GreenOffset="0" BlueOffset="0" Rotation="0" Interpolated="false"/>
				</LayerAnimation>
				<LayerAnimation LayerId="1" Visible="true">
					<Frame XPosition="28" YPosition="-136" XPivot="250" YPivot="290" XCrop="0" YCrop="0" Width="450" Height="450" XScale="100" YScale="100" Delay="30" Visible="true" RedTint="255" GreenTint="255" BlueTint="255" AlphaTint="255" RedOffset="0" GreenOffset="0" BlueOffset="0" Rotation="0" Interpolated="true"/>
					<Frame XPosition="32" YPosition="-130" XPivot="250" YPivot="290" XCrop="0" YCrop="0" Width="450" Height="450" XScale="103" YScale="97" Delay="29" Visible="true" RedTint="255" GreenTint="255" BlueTint="255" AlphaTint="255" RedOffset="0" GreenOffset="0" BlueOffset="0" Rotation="-6" Interpolated="true"/>
					<Frame XPosition="28" YPosition="-136" XPivot="250" YPivot="290" XCrop="0" YCrop="0" Width="450" Height="450" XScale="100" YScale="100" Delay="1" Visible="true" RedTint="255" GreenTint="255" BlueTint="255" AlphaTint="255" RedOffset="0" GreenOffset="0" BlueOffset="0" Rotation="0" Interpolated="false"/>
				</LayerAnimation>
			</LayerAnimations>
			<NullAnimations/>
			<Triggers/>
		</Animation>
		<Animation Name="rally" FrameNum="36" Loop="false">
			<RootAnimation>
				<Frame XPosition="0" YPosition="0" XScale="100" YScale="100" Delay="36" Visible="true" RedTint="255" GreenTint="255" BlueTint="255" AlphaTint="255" RedOffset="0" GreenOffset="0" BlueOffset="0" Rotation="0" Interpolated="false"/>
			</RootAnimation>
			<LayerAnimations>
				<LayerAnimation LayerId="3" Visible="true">
					<Frame XPosition="-20" YPosition="-150" XPivot="210" YPivot="300" XCrop="0" YCrop="0" Width="450" Height="450" XScale="104" YScale="96" Delay="12" Visible="true" RedTint="255" GreenTint="255" BlueTint="255" AlphaTint="255" RedOffset="0" GreenOffset="0" BlueOffset="0" Rotation="0" Interpolated="true"/>
					<Frame XPosition="-12" YPosition="-150" XPivot="210" YPivot="300" XCrop="0" YCrop="0" Width="450" Height="450" XScale="97" YScale="105" Delay="6" Visible="true" RedTint="255" GreenTint="255" BlueTint="255" AlphaTint="255" RedOffset="0" GreenOffset="0" BlueOffset="0" Rotation="170" Interpolated="true"/>
					<Frame XPosition="-55" YPosition="-120" XPivot="210" YPivot="300" XCrop="0" YCrop="0" Width="450" Height="450" XScale="103" YScale="95" Delay="17" Visible="true" RedTint="255" GreenTint="255" BlueTint="255" AlphaTint="255" RedOffset="0" GreenOffset="0" BlueOffset="0" Rotation="-15" Interpolated="true"/>
					<Frame XPosition="-20" YPosition="-150" XPivot="210" YPivot="300" XCrop="0" YCrop="0" Width="450" Height="450" XScale="100" YScale="100" Delay="1" Visible="true" RedTint="255" GreenTint="255" BlueTint="255" AlphaTint="255" RedOffset="0" GreenOffset="0" BlueOffset="0" Rotation="0" Interpolated="false"/>
				</LayerAnimation>
				<LayerAnimation LayerId="2" Visible="true">
					<Frame XPosition="-20" YPosition="-150" XPivot="210" YPivot="300" XCrop="0" YCrop="0" Width="450" Height="450" XScale="104" YScale="96" Delay="12" Visible="true" RedTint="255" GreenTint="255" BlueTint="255" AlphaTint="255" RedOffset="0" GreenOffset="0" BlueOffset="0" Rotation="0" Interpolated="true"/>
					<Frame XPosition="-12" YPosition="-150" XPivot="210" YPivot="300" XCrop="0" YCrop="0" Width="450" Height="450" XScale="97" YScale="105" Delay="6" Visible="true" RedTint="255" GreenTint="255" BlueTint="255" AlphaTint="255" RedOffset="0" GreenOffset="0" BlueOffset="0" Rotation="165" Interpolated="true"/>
					<Frame XPosition="-55" YPosition="-120" XPivot="210" YPivot="300" XCrop="0" YCrop="0" Width="450" Height="450" XScale="103" YScale="95" Delay="17" Visible="true" RedTint="255" GreenTint="255" BlueTint="255" AlphaTint="255" RedOffset="0" GreenOffset="0" BlueOffset="0" Rotation="-10" Interpolated="true"/>
					<Frame XPosition="-20" YPosition="-150" XPivot="210" YPivot="300" XCrop="0" YCrop="0" Width="450" Height="450" XScale="100" YScale="100" Delay="1" Visible="true" RedTint="255" GreenTint="255" BlueTint="255" AlphaTint="255" RedOffset="0" GreenOffset="0" BlueOffset="0" Rotation="0" Interpolated="false"/>
				</LayerAnimation>
				<LayerAnimation LayerId="0" Visible="true">
					<Frame XPosition="0" YPosition="0" XPivot="230" YPivot="450" XCrop="0" YCrop="0" Width="450" Height="450" XScale="104" YScale="96" Delay="12" Visible="true" RedTint="255" GreenTint="255" BlueTint="255" AlphaTint="255" RedOffset="0" GreenOffset="0" BlueOffset="0" Rotation="0" Interpolated="true"/>
					<Frame XPosition="0" YPosition="0" XPivot="230" YPivot="450" XCrop="0" YCrop="0" Width="450" Height="450" XScale="97" YScale="105" Delay="6" Visible="true" RedTint="255" GreenTint="255" BlueTint="255" AlphaTint="255" RedOffset="0" GreenOffset="0" BlueOffset="0" Rotation="6" Interpolated="true"/>
					<Frame XPosition="0" YPosition="0" XPivot="230" YPivot="450" XCrop="0" YCrop="0" Width="450" Height="450" XScale="103" YScale="95" Delay="17" Visible="true" RedTint="255" GreenTint="255" BlueTint="255" AlphaTint="255" RedOffset="0" GreenOffset="0" BlueOffset="0" Rotation="-12" Interpolated="true"/>
					<Frame XPosition="0" YPosition="0" XPivot="230" YPivot="450" XCrop="0" YCrop="0" Width="450" Height="450" XScale="100" YScale="100" Delay="1" Visible="true" RedTint="255" GreenTint="255" BlueTint="255" AlphaTint="255" RedOffset="0" GreenOffset="0" BlueOffset="0" Rotation="0" Interpolated="true"/>
				</LayerAnimation>
				<LayerAnimation LayerId="1" Visible="true">
					<Frame XPosition="28" YPosition="-146" XPivot="250" YPivot="280" XCrop="0" YCrop="0" Width="450" Height="450" XScale="104" YScale="96" Delay="12" Visible="true" RedTint="255" GreenTint="255" BlueTint="255" AlphaTint="255" RedOffset="0" GreenOffset="0" BlueOffset="0" Rotation="0" Interpolated="true"/>
					<Frame XPosition="43" YPosition="-148" XPivot="250" YPivot="280" XCrop="0" YCrop="0" Width="450" Height="450" XScale="97" YScale="105" Delay="6" Visible="true" RedTint="255" GreenTint="255" BlueTint="255" AlphaTint="255" RedOffset="0" GreenOffset="0" BlueOffset="0" Rotation="205" Interpolated="true"/>
					<Frame XPosition="0" YPosition="-144" XPivot="250" YPivot="280" XCrop="0" YCrop="0" Width="450" Height="450" XScale="103" YScale="95" Delay="17" Visible="true" RedTint="255" GreenTint="255" BlueTint="255" AlphaTint="255" RedOffset="0" GreenOffset="0" BlueOffset="0" Rotation="-30" Interpolated="true"/>
					<Frame XPosition="28" YPosition="-146" XPivot="250" YPivot="280" XCrop="0" YCrop="0" Width="450" Height="450" XScale="100" YScale="100" Delay="1" Visible="true" RedTint="255" GreenTint="255" BlueTint="255" AlphaTint="255" RedOffset="0" GreenOffset="0" BlueOffset="0" Rotation="0" Interpolated="true"/>
				</LayerAnimation>
			</LayerAnimations>
			<NullAnimations/>
			<Triggers>
				<Trigger EventId="0" AtFrame="35"/>
			</Triggers>
		</Animation>
		<Animation Name="attack" FrameNum="19" Loop="false">
			<RootAnimation>
				<Frame XPosition="0" YPosition="0" XScale="100" YScale="100" Delay="19" Visible="true" RedTint="255" GreenTint="255" BlueTint="255" AlphaTint="255" RedOffset="0" GreenOffset="0" BlueOffset="0" Rotation="0" Interpolated="false"/>
			</RootAnimation>
			<LayerAnimations>
				<LayerAnimation LayerId="3" Visible="true">
					<Frame XPosition="-20" YPosition="-150" XPivot="210" YPivot="300" XCrop="0" YCrop="0" Width="450" Height="450" XScale="106" YScale="94" Delay="4" Visible="true" RedTint="255" GreenTint="255" BlueTint="255" AlphaTint="255" RedOffset="0" GreenOffset="0" BlueOffset="0" Rotation="0" Interpolated="true"/>
					<Frame XPosition="6" YPosition="-160" XPivot="210" YPivot="300" XCrop="0" YCrop="0" Width="450" Height="450" XScale="92" YScale="108" Delay="3" Visible="true" RedTint="255" GreenTint="255" BlueTint="255" AlphaTint="255" RedOffset="0" GreenOffset="0" BlueOffset="0" Rotation="160" Interpolated="true"/>
					<Frame XPosition="-74" YPosition="-102" XPivot="210" YPivot="300" XCrop="0" YCrop="0" Width="450" Height="450" XScale="108" YScale="92" Delay="11" Visible="true" RedTint="255" GreenTint="255" BlueTint="255" AlphaTint="255" RedOffset="0" GreenOffset="0" BlueOffset="0" Rotation="-30" Interpolated="true"/>
					<Frame XPosition="-20" YPosition="-150" XPivot="210" YPivot="300" XCrop="0" YCrop="0" Width="450" Height="450" XScale="100" YScale="100" Delay="1" Visible="true" RedTint="255" GreenTint="255" BlueTint="255" AlphaTint="255" RedOffset="0" GreenOffset="0" BlueOffset="0" Rotation="0" Interpolated="false"/>
				</LayerAnimation>
				<LayerAnimation LayerId="2" Visible="true">
					<Frame XPosition="-20" YPosition="-150" XPivot="210" YPivot="300" XCrop="0" YCrop="0" Width="450" Height="450" XScale="106" YScale="94" Delay="4" Visible="true" RedTint="255" GreenTint="255" BlueTint="255" AlphaTint="255" RedOffset="0" GreenOffset="0" BlueOffset="0" Rotation="0" Interpolated="true"/>
					<Frame XPosition="6" YPosition="-160" XPivot="210" YPivot="300" XCrop="0" YCrop="0" Width="450" Height="450" XScale="92" YScale="108" Delay="3" Visible="true" RedTint="255" GreenTint="255" BlueTint="255" AlphaTint="255" RedOffset="0" GreenOffset="0" BlueOffset="0" Rotation="160" Interpolated="true"/>
					<Frame XPosition="-74" YPosition="-102" XPivot="210" YPivot="300" XCrop="0" YCrop="0" Width="450" Height="450" XScale="108" YScale="92" Delay="11" Visible="true" RedTint="255" GreenTint="255" BlueTint="255" AlphaTint="255" RedOffset="0" GreenOffset="0" BlueOffset="0" Rotation="-30" Interpolated="true"/>
					<Frame XPosition="-20" YPosition="-150" XPivot="210" YPivot="300" XCrop="0" YCrop="0" Width="450" Height="450" XScale="100" YScale="100" Delay="1" Visible="true" RedTint="255" GreenTint="255" BlueTint="255" AlphaTint="255" RedOffset="0" GreenOffset="0" BlueOffset="0" Rotation="0" Interpolated="false"/>
				</LayerAnimation>
				<LayerAnimation LayerId="0" Visible="true">
					<Frame XPosition="0" YPosition="0" XPivot="230" YPivot="450" XCrop="0" YCrop="0" Width="450" Height="450" XScale="106" YScale="94" Delay="4" Visible="true" RedTint="255" GreenTint="255" BlueTint="255" AlphaTint="255" RedOffset="0" GreenOffset="0" BlueOffset="0" Rotation="0" Interpolated="true"/>
					<Frame XPosition="0" YPosition="0" XPivot="230" YPivot="450" XCrop="0" YCrop="0" Width="450" Height="450" XScale="92" YScale="108" Delay="3" Visible="true" RedTint="255" GreenTint="255" BlueTint="255" AlphaTint="255" RedOffset="0" GreenOffset="0" BlueOffset="0" Rotation="12" Interpolated="true"/>
					<Frame XPosition="0" YPosition="0" XPivot="230" YPivot="450" XCrop="0" YCrop="0" Width="450" Height="450" XScale="108" YScale="92" Delay="11" Visible="true" RedTint="255" GreenTint="255" BlueTint="255" AlphaTint="255" RedOffset="0" GreenOffset="0" BlueOffset="0" Rotation="-18" Interpolated="true"/>
					<Frame XPosition="0" YPosition="0" XPivot="230" YPivot="450" XCrop="0" YCrop="0" Width="450" Height="450" XScale="100" YScale="100" Delay="1" Visible="true" RedTint="255" GreenTint="255" BlueTint="255" AlphaTint="255" RedOffset="0" GreenOffset="0" BlueOffset="0" Rotation="0" Interpolated="false"/>
				</LayerAnimation>
				<LayerAnimation LayerId="1" Visible="true">
					<Frame XPosition="28" YPosition="-146" XPivot="250" YPivot="280" XCrop="0" YCrop="0" Width="450" Height="450" XScale="106" YScale="94" Delay="4" Visible="true" RedTint="255" GreenTint="255" BlueTint="255" AlphaTint="255" RedOffset="0" GreenOffset="0" BlueOffset="0" Rotation="0" Interpolated="true"/>
					<Frame XPosition="56" YPosition="-153" XPivot="250" YPivot="280" XCrop="0" YCrop="0" Width="450" Height="450" XScale="92" YScale="106" Delay="3" Visible="true" RedTint="255" GreenTint="255" BlueTint="255" AlphaTint="255" RedOffset="0" GreenOffset="0" BlueOffset="0" Rotation="120" Interpolated="true"/>
					<Frame XPosition="-14" YPosition="-141" XPivot="250" YPivot="280" XCrop="0" YCrop="0" Width="450" Height="450" XScale="108" YScale="92" Delay="11" Visible="true" RedTint="255" GreenTint="255" BlueTint="255" AlphaTint="255" RedOffset="0" GreenOffset="0" BlueOffset="0" Rotation="-34" Interpolated="true"/>
					<Frame XPosition="28" YPosition="-146" XPivot="250" YPivot="280" XCrop="0" YCrop="0" Width="450" Height="450" XScale="100" YScale="100" Delay="1" Visible="true" RedTint="255" GreenTint="255" BlueTint="255" AlphaTint="255" RedOffset="0" GreenOffset="0" BlueOffset="0" Rotation="0" Interpolated="false"/>
				</LayerAnimation>
			</LayerAnimations>
			<NullAnimations/>
			<Triggers>
				<Trigger EventId="0" AtFrame="18"/>
			</Triggers>
		</Animation>
		<Animation Name="hit" FrameNum="10" Loop="false">
			<RootAnimation>
				<Frame XPosition="0" YPosition="0" XScale="100" YScale="100" Delay="10" Visible="true" RedTint="255" GreenTint="255" BlueTint="255" AlphaTint="255" RedOffset="0" GreenOffset="0" BlueOffset="0" Rotation="0" Interpolated="false"/>
			</RootAnimation>
			<LayerAnimations>
				<LayerAnimation LayerId="3" Visible="true">
					<Frame XPosition="0" YPosition="0" XPivot="230" YPivot="450" XCrop="0" YCrop="0" Width="450" Height="450" XScale="100" YScale="100" Delay="2" Visible="true" RedTint="255" GreenTint="255" BlueTint="255" AlphaTint="255" RedOffset="0" GreenOffset="0" BlueOffset="0" Rotation="0" Interpolated="true"/>
					<Frame XPosition="30" YPosition="0" XPivot="230" YPivot="450" XCrop="0" YCrop="0" Width="450" Height="450" XScale="103" YScale="80" Delay="7" Visible="true" RedTint="255" GreenTint="255" BlueTint="255" AlphaTint="255" RedOffset="0" GreenOffset="0" BlueOffset="0" Rotation="-12" Interpolated="true"/>
					<Frame XPosition="0" YPosition="0" XPivot="230" YPivot="450" XCrop="0" YCrop="0" Width="450" Height="450" XScale="100" YScale="100" Delay="1" Visible="true" RedTint="255" GreenTint="255" BlueTint="255" AlphaTint="255" RedOffset="0" GreenOffset="0" BlueOffset="0" Rotation="0" Interpolated="false"/>
				</LayerAnimation>
				<LayerAnimation LayerId="2" Visible="true">
					<Frame XPosition="0" YPosition="0" XPivot="230" YPivot="450" XCrop="0" YCrop="0" Width="450" Height="450" XScale="100" YScale="100" Delay="2" Visible="true" RedTint="255" GreenTint="255" BlueTint="255" AlphaTint="255" RedOffset="0" GreenOffset="0" BlueOffset="0" Rotation="0" Interpolated="true"/>
					<Frame XPosition="30" YPosition="0" XPivot="230" YPivot="450" XCrop="0" YCrop="0" Width="450" Height="450" XScale="103" YScale="80" Delay="7" Visible="true" RedTint="255" GreenTint="255" BlueTint="255" AlphaTint="255" RedOffset="0" GreenOffset="0" BlueOffset="0" Rotation="-12" Interpolated="true"/>
					<Frame XPosition="0" YPosition="0" XPivot="230" YPivot="450" XCrop="0" YCrop="0" Width="450" Height="450" XScale="100" YScale="100" Delay="1" Visible="true" RedTint="255" GreenTint="255" BlueTint="255" AlphaTint="255" RedOffset="0" GreenOffset="0" BlueOffset="0" Rotation="0" Interpolated="false"/>
				</LayerAnimation>
				<LayerAnimation LayerId="0" Visible="true">
					<Frame XPosition="0" YPosition="0" XPivot="230" YPivot="450" XCrop="0" YCrop="0" Width="450" Height="450" XScale="100" YScale="100" Delay="2" Visible="true" RedTint="255" GreenTint="255" BlueTint="255" AlphaTint="255" RedOffset="0" GreenOffset="0" BlueOffset="0" Rotation="0" Interpolated="true"/>
					<Frame XPosition="30" YPosition="0" XPivot="230" YPivot="450" XCrop="0" YCrop="0" Width="450" Height="450" XScale="103" YScale="80" Delay="7" Visible="true" RedTint="255" GreenTint="255" BlueTint="255" AlphaTint="255" RedOffset="0" GreenOffset="0" BlueOffset="0" Rotation="-12" Interpolated="true"/>
					<Frame XPosition="0" YPosition="0" XPivot="230" YPivot="450" XCrop="0" YCrop="0" Width="450" Height="450" XScale="100" YScale="100" Delay="1" Visible="true" RedTint="255" GreenTint="255" BlueTint="255" AlphaTint="255" RedOffset="0" GreenOffset="0" BlueOffset="0" Rotation="0" Interpolated="false"/>
				</LayerAnimation>
				<LayerAnimation LayerId="1" Visible="true">
					<Frame XPosition="28" YPosition="-136" XPivot="250" YPivot="290" XCrop="0" YCrop="0" Width="450" Height="450" XScale="100" YScale="100" Delay="2" Visible="true" RedTint="255" GreenTint="255" BlueTint="255" AlphaTint="255" RedOffset="0" GreenOffset="0" BlueOffset="0" Rotation="0" Interpolated="true"/>
					<Frame XPosition="35" YPosition="-126" XPivot="250" YPivot="290" XCrop="0" YCrop="0" Width="450" Height="450" XScale="103" YScale="80" Delay="7" Visible="true" RedTint="255" GreenTint="255" BlueTint="255" AlphaTint="255" RedOffset="0" GreenOffset="0" BlueOffset="0" Rotation="-12" Interpolated="true"/>
					<Frame XPosition="28" YPosition="-136" XPivot="250" YPivot="290" XCrop="0" YCrop="0" Width="450" Height="450" XScale="100" YScale="100" Delay="1" Visible="true" RedTint="255" GreenTint="255" BlueTint="255" AlphaTint="255" RedOffset="0" GreenOffset="0" BlueOffset="0" Rotation="0" Interpolated="false"/>
				</LayerAnimation>
			</LayerAnimations>
			<NullAnimations/>
			<Triggers>
				<Trigger EventId="0" AtFrame="9"/>
			</Triggers>
		</Animation>
	</Animations>
</AnimatedActor>
