<AnimatedActor>
	<Info CreatedBy="Unknown" CreatedOn="2022/5/17 21:37:44" Version="3" Fps="30"/>
	<Content>
		<Spritesheets>
			<Spritesheet Path="Healer.png" Id="0"/>
			<Spritesheet Path="Healer2.png" Id="1"/>
			<Spritesheet Path="Healer3.png" Id="2"/>
		</Spritesheets>
		<Layers>
			<Layer Name="Healer" Id="0" SpritesheetId="0"/>
			<Layer Name="Healer2" Id="1" SpritesheetId="1"/>
			<Layer Name="Healer3" Id="2" SpritesheetId="2"/>
		</Layers>
		<Nulls/>
		<Events>
			<Event Name="loop" Id="0"/>
		</Events>
	</Content>
	<Animations DefaultAnimation="idle">
		<Animation Name="idle" FrameNum="37" Loop="true">
			<RootAnimation>
				<Frame XPosition="0" YPosition="0" XScale="100" YScale="100" Delay="37" Visible="true" RedTint="255" GreenTint="255" BlueTint="255" AlphaTint="255" RedOffset="0" GreenOffset="0" BlueOffset="0" Rotation="0" Interpolated="false"/>
			</RootAnimation>
			<LayerAnimations>
				<LayerAnimation LayerId="0" Visible="true">
					<Frame XPosition="0" YPosition="0" XPivot="200" YPivot="380" XCrop="0" YCrop="0" Width="400" Height="400" XScale="40" YScale="40" Delay="18" Visible="true" RedTint="255" GreenTint="255" BlueTint="255" AlphaTint="255" RedOffset="0" GreenOffset="0" BlueOffset="0" Rotation="0" Interpolated="true"/>
					<Frame XPosition="0" YPosition="0" XPivot="200" YPivot="380" XCrop="0" YCrop="0" Width="400" Height="400" XScale="42" YScale="38" Delay="18" Visible="true" RedTint="255" GreenTint="255" BlueTint="255" AlphaTint="255" RedOffset="0" GreenOffset="0" BlueOffset="0" Rotation="0" Interpolated="true"/>
					<Frame XPosition="0" YPosition="0" XPivot="200" YPivot="380" XCrop="0" YCrop="0" Width="400" Height="400" XScale="40" YScale="40" Delay="1" Visible="true" RedTint="255" GreenTint="255" BlueTint="255" AlphaTint="255" RedOffset="0" GreenOffset="0" BlueOffset="0" Rotation="0" Interpolated="false"/>
				</LayerAnimation>
				<LayerAnimation LayerId="1" Visible="true"/>
				<LayerAnimation LayerId="2" Visible="true"/>
			</LayerAnimations>
			<NullAnimations/>
			<Triggers/>
		</Animation>
		<Animation Name="staff_raise" FrameNum="36" Loop="false">
			<RootAnimation>
				<Frame XPosition="0" YPosition="0" XScale="100" YScale="100" Delay="36" Visible="true" RedTint="255" GreenTint="255" BlueTint="255" AlphaTint="255" RedOffset="0" GreenOffset="0" BlueOffset="0" Rotation="0" Interpolated="false"/>
			</RootAnimation>
			<LayerAnimations>
				<LayerAnimation LayerId="0" Visible="true">
					<Frame XPosition="0" YPosition="0" XPivot="200" YPivot="380" XCrop="0" YCrop="0" Width="400" Height="400" XScale="40" YScale="40" Delay="5" Visible="true" RedTint="255" GreenTint="255" BlueTint="255" AlphaTint="255" RedOffset="0" GreenOffset="0" BlueOffset="0" Rotation="0" Interpolated="true"/>
					<Frame XPosition="0" YPosition="0" XPivot="200" YPivot="380" XCrop="0" YCrop="0" Width="400" Height="400" XScale="45" YScale="34" Delay="1" Visible="true" RedTint="255" GreenTint="255" BlueTint="255" AlphaTint="255" RedOffset="0" GreenOffset="0" BlueOffset="0" Rotation="-10" Interpolated="false"/>
					<Frame XPosition="0" YPosition="0" XPivot="200" YPivot="380" XCrop="0" YCrop="0" Width="400" Height="400" XScale="43" YScale="35" Delay="21" Visible="false" RedTint="255" GreenTint="255" BlueTint="255" AlphaTint="255" RedOffset="0" GreenOffset="0" BlueOffset="0" Rotation="-10" Interpolated="false"/>
					<Frame XPosition="0" YPosition="0" XPivot="200" YPivot="380" XCrop="0" YCrop="0" Width="400" Height="400" XScale="36" YScale="46" Delay="4" Visible="true" RedTint="255" GreenTint="255" BlueTint="255" AlphaTint="255" RedOffset="0" GreenOffset="0" BlueOffset="0" Rotation="15" Interpolated="true"/>
					<Frame XPosition="0" YPosition="0" XPivot="200" YPivot="380" XCrop="0" YCrop="0" Width="400" Height="400" XScale="43" YScale="37" Delay="4" Visible="true" RedTint="255" GreenTint="255" BlueTint="255" AlphaTint="255" RedOffset="0" GreenOffset="0" BlueOffset="0" Rotation="0" Interpolated="true"/>
					<Frame XPosition="0" YPosition="0" XPivot="200" YPivot="380" XCrop="0" YCrop="0" Width="400" Height="400" XScale="40" YScale="40" Delay="1" Visible="true" RedTint="255" GreenTint="255" BlueTint="255" AlphaTint="255" RedOffset="0" GreenOffset="0" BlueOffset="0" Rotation="0" Interpolated="false"/>
				</LayerAnimation>
				<LayerAnimation LayerId="1" Visible="true">
					<Frame XPosition="0" YPosition="0" XPivot="200" YPivot="380" XCrop="0" YCrop="0" Width="400" Height="400" XScale="40" YScale="40" Delay="5" Visible="false" RedTint="255" GreenTint="255" BlueTint="255" AlphaTint="255" RedOffset="0" GreenOffset="0" BlueOffset="0" Rotation="0" Interpolated="false"/>
					<Frame XPosition="0" YPosition="0" XPivot="200" YPivot="380" XCrop="0" YCrop="0" Width="400" Height="400" XScale="45" YScale="34" Delay="5" Visible="true" RedTint="255" GreenTint="255" BlueTint="255" AlphaTint="255" RedOffset="0" GreenOffset="0" BlueOffset="0" Rotation="-10" Interpolated="true"/>
					<Frame XPosition="0" YPosition="0" XPivot="200" YPivot="380" XCrop="0" YCrop="0" Width="400" Height="400" XScale="43" YScale="35" Delay="1" Visible="true" RedTint="255" GreenTint="255" BlueTint="255" AlphaTint="255" RedOffset="0" GreenOffset="0" BlueOffset="0" Rotation="-2" Interpolated="false"/>
					<Frame XPosition="0" YPosition="0" XPivot="200" YPivot="380" XCrop="0" YCrop="0" Width="400" Height="400" XScale="43" YScale="35" Delay="1" Visible="false" RedTint="255" GreenTint="255" BlueTint="255" AlphaTint="255" RedOffset="0" GreenOffset="0" BlueOffset="0" Rotation="-2" Interpolated="false"/>
				</LayerAnimation>
				<LayerAnimation LayerId="2" Visible="true">
					<Frame XPosition="0" YPosition="0" XPivot="200" YPivot="380" XCrop="0" YCrop="0" Width="400" Height="400" XScale="40" YScale="40" Delay="11" Visible="false" RedTint="255" GreenTint="255" BlueTint="255" AlphaTint="255" RedOffset="0" GreenOffset="0" BlueOffset="0" Rotation="0" Interpolated="false"/>
					<Frame XPosition="0" YPosition="0" XPivot="200" YPivot="380" XCrop="0" YCrop="0" Width="400" Height="400" XScale="45" YScale="34" Delay="2" Visible="true" RedTint="255" GreenTint="255" BlueTint="255" AlphaTint="255" RedOffset="0" GreenOffset="0" BlueOffset="0" Rotation="0" Interpolated="true"/>
					<Frame XPosition="0" YPosition="0" XPivot="200" YPivot="380" XCrop="0" YCrop="0" Width="400" Height="400" XScale="38" YScale="44" Delay="2" Visible="true" RedTint="255" GreenTint="255" BlueTint="255" AlphaTint="255" RedOffset="0" GreenOffset="0" BlueOffset="0" Rotation="2" Interpolated="true"/>
					<Frame XPosition="0" YPosition="0" XPivot="200" YPivot="380" XCrop="0" YCrop="0" Width="400" Height="400" XScale="37" YScale="45" Delay="3" Visible="true" RedTint="255" GreenTint="255" BlueTint="255" AlphaTint="255" RedOffset="0" GreenOffset="0" BlueOffset="0" Rotation="4" Interpolated="true"/>
					<Frame XPosition="0" YPosition="0" XPivot="200" YPivot="380" XCrop="0" YCrop="0" Width="400" Height="400" XScale="40" YScale="40" Delay="3" Visible="true" RedTint="255" GreenTint="255" BlueTint="255" AlphaTint="255" RedOffset="0" GreenOffset="0" BlueOffset="0" Rotation="12" Interpolated="true"/>
					<Frame XPosition="0" YPosition="0" XPivot="200" YPivot="380" XCrop="0" YCrop="0" Width="400" Height="400" XScale="36" YScale="46" Delay="6" Visible="true" RedTint="255" GreenTint="255" BlueTint="255" AlphaTint="255" RedOffset="0" GreenOffset="0" BlueOffset="0" Rotation="12" Interpolated="true"/>
					<Frame XPosition="0" YPosition="0" XPivot="200" YPivot="380" XCrop="0" YCrop="0" Width="400" Height="400" XScale="36" YScale="46" Delay="1" Visible="false" RedTint="255" GreenTint="255" BlueTint="255" AlphaTint="255" RedOffset="0" GreenOffset="0" BlueOffset="0" Rotation="15" Interpolated="true"/>
				</LayerAnimation>
			</LayerAnimations>
			<NullAnimations/>
			<Triggers>
				<Trigger EventId="0" AtFrame="35"/>
			</Triggers>
		</Animation>
		<Animation Name="hit" FrameNum="8" Loop="false">
			<RootAnimation>
				<Frame XPosition="0" YPosition="0" XScale="100" YScale="100" Delay="8" Visible="true" RedTint="255" GreenTint="255" BlueTint="255" AlphaTint="255" RedOffset="0" GreenOffset="0" BlueOffset="0" Rotation="0" Interpolated="false"/>
			</RootAnimation>
			<LayerAnimations>
				<LayerAnimation LayerId="0" Visible="true">
					<Frame XPosition="0" YPosition="0" XPivot="200" YPivot="380" XCrop="0" YCrop="0" Width="400" Height="400" XScale="40" YScale="40" Delay="1" Visible="true" RedTint="255" GreenTint="255" BlueTint="255" AlphaTint="255" RedOffset="0" GreenOffset="0" BlueOffset="0" Rotation="0" Interpolated="false"/>
					<Frame XPosition="0" YPosition="0" XPivot="200" YPivot="380" XCrop="0" YCrop="0" Width="400" Height="400" XScale="40" YScale="40" Delay="1" Visible="false" RedTint="255" GreenTint="255" BlueTint="255" AlphaTint="255" RedOffset="0" GreenOffset="0" BlueOffset="0" Rotation="0" Interpolated="false"/>
				</LayerAnimation>
				<LayerAnimation LayerId="1" Visible="true">
					<Frame XPosition="0" YPosition="0" XPivot="16" YPivot="16" XCrop="0" YCrop="0" Width="32" Height="32" XScale="100" YScale="100" Delay="1" Visible="false" RedTint="255" GreenTint="255" BlueTint="255" AlphaTint="255" RedOffset="0" GreenOffset="0" BlueOffset="0" Rotation="0" Interpolated="false"/>
					<Frame XPosition="0" YPosition="0" XPivot="200" YPivot="380" XCrop="0" YCrop="0" Width="400" Height="400" XScale="40" YScale="40" Delay="1" Visible="true" RedTint="255" GreenTint="255" BlueTint="255" AlphaTint="255" RedOffset="0" GreenOffset="0" BlueOffset="0" Rotation="0" Interpolated="true"/>
					<Frame XPosition="0" YPosition="0" XPivot="200" YPivot="380" XCrop="0" YCrop="0" Width="400" Height="400" XScale="42" YScale="37" Delay="2" Visible="true" RedTint="255" GreenTint="255" BlueTint="255" AlphaTint="255" RedOffset="0" GreenOffset="0" BlueOffset="0" Rotation="10" Interpolated="true"/>
					<Frame XPosition="0" YPosition="0" XPivot="200" YPivot="380" XCrop="0" YCrop="0" Width="400" Height="400" XScale="45" YScale="33" Delay="1" Visible="true" RedTint="255" GreenTint="255" BlueTint="255" AlphaTint="255" RedOffset="0" GreenOffset="0" BlueOffset="0" Rotation="13" Interpolated="true"/>
					<Frame XPosition="0" YPosition="0" XPivot="200" YPivot="380" XCrop="0" YCrop="0" Width="400" Height="400" XScale="45" YScale="33" Delay="2" Visible="true" RedTint="255" GreenTint="255" BlueTint="255" AlphaTint="255" RedOffset="0" GreenOffset="0" BlueOffset="0" Rotation="13" Interpolated="true"/>
					<Frame XPosition="0" YPosition="0" XPivot="200" YPivot="380" XCrop="0" YCrop="0" Width="400" Height="400" XScale="40" YScale="40" Delay="1" Visible="true" RedTint="255" GreenTint="255" BlueTint="255" AlphaTint="255" RedOffset="0" GreenOffset="0" BlueOffset="0" Rotation="0" Interpolated="false"/>
				</LayerAnimation>
				<LayerAnimation LayerId="2" Visible="true"/>
			</LayerAnimations>
			<NullAnimations/>
			<Triggers>
				<Trigger EventId="0" AtFrame="7"/>
			</Triggers>
		</Animation>
	</Animations>
</AnimatedActor>
