<AnimatedActor>
	<Info CreatedBy="Temple9" CreatedOn="2022/6/12 22:14:28" Version="1" Fps="30"/>
	<Content>
		<Spritesheets>
			<Spritesheet Path="Hexaghost_core.png" Id="0"/>
			<Spritesheet Path="Hexaghost_innerLayer.png" Id="1"/>
			<Spritesheet Path="Hexaghost_midLayer.png" Id="2"/>
			<Spritesheet Path="Hexaghost_outerLayer.png" Id="3"/>
		</Spritesheets>
		<Layers>
			<Layer Name="core" Id="0" SpritesheetId="0"/>
			<Layer Name="inner" Id="1" SpritesheetId="1"/>
			<Layer Name="mid" Id="2" SpritesheetId="2"/>
			<Layer Name="outer" Id="3" SpritesheetId="3"/>
		</Layers>
		<Nulls/>
		<Events>
			<Event Name="loop" Id="0"/>
		</Events>
	</Content>
	<Animations DefaultAnimation="idle">
		<Animation Name="idle" FrameNum="180" Loop="true">
			<RootAnimation>
				<Frame XPosition="0" YPosition="0" XScale="100" YScale="100" Delay="180" Visible="true" RedTint="255" GreenTint="255" BlueTint="255" AlphaTint="255" RedOffset="0" GreenOffset="0" BlueOffset="0" Rotation="0" Interpolated="false"/>
			</RootAnimation>
			<LayerAnimations>
				<LayerAnimation LayerId="3" Visible="true">
					<Frame XPosition="0" YPosition="0" XPivot="220" YPivot="225" XCrop="0" YCrop="0" Width="450" Height="450" XScale="100" YScale="100" Delay="179" Visible="true" RedTint="255" GreenTint="255" BlueTint="255" AlphaTint="255" RedOffset="0" GreenOffset="0" BlueOffset="0" Rotation="0" Interpolated="true"/>
					<Frame XPosition="0" YPosition="0" XPivot="220" YPivot="225" XCrop="0" YCrop="0" Width="450" Height="450" XScale="100" YScale="100" Delay="1" Visible="true" RedTint="255" GreenTint="255" BlueTint="255" AlphaTint="255" RedOffset="0" GreenOffset="0" BlueOffset="0" Rotation="360" Interpolated="false"/>
				</LayerAnimation>
				<LayerAnimation LayerId="2" Visible="true">
					<Frame XPosition="0" YPosition="0" XPivot="220" YPivot="225" XCrop="0" YCrop="0" Width="450" Height="450" XScale="100" YScale="100" Delay="90" Visible="true" RedTint="255" GreenTint="255" BlueTint="255" AlphaTint="255" RedOffset="0" GreenOffset="0" BlueOffset="0" Rotation="0" Interpolated="true"/>
					<Frame XPosition="0" YPosition="0" XPivot="220" YPivot="225" XCrop="0" YCrop="0" Width="450" Height="450" XScale="100" YScale="100" Delay="89" Visible="true" RedTint="255" GreenTint="255" BlueTint="255" AlphaTint="255" RedOffset="0" GreenOffset="0" BlueOffset="0" Rotation="360" Interpolated="true"/>
					<Frame XPosition="0" YPosition="0" XPivot="220" YPivot="225" XCrop="0" YCrop="0" Width="450" Height="450" XScale="100" YScale="100" Delay="1" Visible="true" RedTint="255" GreenTint="255" BlueTint="255" AlphaTint="255" RedOffset="0" GreenOffset="0" BlueOffset="0" Rotation="720" Interpolated="false"/>
				</LayerAnimation>
				<LayerAnimation LayerId="1" Visible="true">
					<Frame XPosition="0" YPosition="0" XPivot="220" YPivot="225" XCrop="0" YCrop="0" Width="450" Height="450" XScale="100" YScale="100" Delay="60" Visible="true" RedTint="255" GreenTint="255" BlueTint="255" AlphaTint="255" RedOffset="0" GreenOffset="0" BlueOffset="0" Rotation="0" Interpolated="true"/>
					<Frame XPosition="0" YPosition="0" XPivot="220" YPivot="225" XCrop="0" YCrop="0" Width="450" Height="450" XScale="100" YScale="100" Delay="60" Visible="true" RedTint="255" GreenTint="255" BlueTint="255" AlphaTint="255" RedOffset="0" GreenOffset="0" BlueOffset="0" Rotation="360" Interpolated="true"/>
					<Frame XPosition="0" YPosition="0" XPivot="220" YPivot="225" XCrop="0" YCrop="0" Width="450" Height="450" XScale="100" YScale="100" Delay="59" Visible="true" RedTint="255" GreenTint="255" BlueTint="255" AlphaTint="255" RedOffset="0" GreenOffset="0" BlueOffset="0" Rotation="720" Interpolated="true"/>
					<Frame XPosition="0" YPosition="0" XPivot="220" YPivot="225" XCrop="0" YCrop="0" Width="450" Height="450" XScale="100" YScale="100" Delay="1" Visible="true" RedTint="255" GreenTint="255" BlueTint="255" AlphaTint="255" RedOffset="0" GreenOffset="0" BlueOffset="0" Rotation="1080" Interpolated="false"/>
				</LayerAnimation>
				<LayerAnimation LayerId="0" Visible="true">
					<Frame XPosition="0" YPosition="0" XPivot="220" YPivot="225" XCrop="0" YCrop="0" Width="450" Height="450" XScale="100" YScale="100" Delay="180" Visible="true" RedTint="255" GreenTint="255" BlueTint="255" AlphaTint="255" RedOffset="0" GreenOffset="0" BlueOffset="0" Rotation="0" Interpolated="false"/>
				</LayerAnimation>
			</LayerAnimations>
			<NullAnimations/>
			<Triggers/>
		</Animation>
		<Animation Name="activated" FrameNum="90" Loop="true">
			<RootAnimation>
				<Frame XPosition="0" YPosition="0" XScale="100" YScale="100" Delay="90" Visible="true" RedTint="255" GreenTint="255" BlueTint="255" AlphaTint="255" RedOffset="0" GreenOffset="0" BlueOffset="0" Rotation="0" Interpolated="false"/>
			</RootAnimation>
			<LayerAnimations>
				<LayerAnimation LayerId="3" Visible="true">
					<Frame XPosition="0" YPosition="0" XPivot="220" YPivot="225" XCrop="0" YCrop="0" Width="450" Height="450" XScale="100" YScale="100" Delay="89" Visible="true" RedTint="255" GreenTint="255" BlueTint="255" AlphaTint="255" RedOffset="0" GreenOffset="0" BlueOffset="0" Rotation="0" Interpolated="true"/>
					<Frame XPosition="0" YPosition="0" XPivot="220" YPivot="225" XCrop="0" YCrop="0" Width="450" Height="450" XScale="100" YScale="100" Delay="1" Visible="true" RedTint="255" GreenTint="255" BlueTint="255" AlphaTint="255" RedOffset="0" GreenOffset="0" BlueOffset="0" Rotation="360" Interpolated="false"/>
				</LayerAnimation>
				<LayerAnimation LayerId="2" Visible="true">
					<Frame XPosition="0" YPosition="0" XPivot="220" YPivot="225" XCrop="0" YCrop="0" Width="450" Height="450" XScale="100" YScale="100" Delay="45" Visible="true" RedTint="255" GreenTint="255" BlueTint="255" AlphaTint="255" RedOffset="0" GreenOffset="0" BlueOffset="0" Rotation="0" Interpolated="true"/>
					<Frame XPosition="0" YPosition="0" XPivot="220" YPivot="225" XCrop="0" YCrop="0" Width="450" Height="450" XScale="100" YScale="100" Delay="44" Visible="true" RedTint="255" GreenTint="255" BlueTint="255" AlphaTint="255" RedOffset="0" GreenOffset="0" BlueOffset="0" Rotation="360" Interpolated="true"/>
					<Frame XPosition="0" YPosition="0" XPivot="220" YPivot="225" XCrop="0" YCrop="0" Width="450" Height="450" XScale="100" YScale="100" Delay="1" Visible="true" RedTint="255" GreenTint="255" BlueTint="255" AlphaTint="255" RedOffset="0" GreenOffset="0" BlueOffset="0" Rotation="720" Interpolated="false"/>
				</LayerAnimation>
				<LayerAnimation LayerId="1" Visible="true">
					<Frame XPosition="0" YPosition="0" XPivot="220" YPivot="225" XCrop="0" YCrop="0" Width="450" Height="450" XScale="100" YScale="100" Delay="30" Visible="true" RedTint="255" GreenTint="255" BlueTint="255" AlphaTint="255" RedOffset="0" GreenOffset="0" BlueOffset="0" Rotation="0" Interpolated="true"/>
					<Frame XPosition="0" YPosition="0" XPivot="220" YPivot="225" XCrop="0" YCrop="0" Width="450" Height="450" XScale="100" YScale="100" Delay="30" Visible="true" RedTint="255" GreenTint="255" BlueTint="255" AlphaTint="255" RedOffset="0" GreenOffset="0" BlueOffset="0" Rotation="360" Interpolated="true"/>
					<Frame XPosition="0" YPosition="0" XPivot="220" YPivot="225" XCrop="0" YCrop="0" Width="450" Height="450" XScale="100" YScale="100" Delay="29" Visible="true" RedTint="255" GreenTint="255" BlueTint="255" AlphaTint="255" RedOffset="0" GreenOffset="0" BlueOffset="0" Rotation="720" Interpolated="true"/>
					<Frame XPosition="0" YPosition="0" XPivot="220" YPivot="225" XCrop="0" YCrop="0" Width="450" Height="450" XScale="100" YScale="100" Delay="1" Visible="true" RedTint="255" GreenTint="255" BlueTint="255" AlphaTint="255" RedOffset="0" GreenOffset="0" BlueOffset="0" Rotation="1080" Interpolated="false"/>
				</LayerAnimation>
				<LayerAnimation LayerId="0" Visible="true">
					<Frame XPosition="0" YPosition="0" XPivot="220" YPivot="225" XCrop="0" YCrop="0" Width="450" Height="450" XScale="100" YScale="100" Delay="90" Visible="true" RedTint="255" GreenTint="255" BlueTint="255" AlphaTint="255" RedOffset="0" GreenOffset="0" BlueOffset="0" Rotation="0" Interpolated="false"/>
				</LayerAnimation>
			</LayerAnimations>
			<NullAnimations/>
			<Triggers/>
		</Animation>
	</Animations>
</AnimatedActor>
