<AnimatedActor>
	<Info CreatedBy="Temple9" CreatedOn="2022/6/13 0:04:53" Version="5" Fps="30"/>
	<Content>
		<Spritesheets>
			<Spritesheet Path="Hexaghost_orb.png" Id="0"/>
		</Spritesheets>
		<Layers>
			<Layer Name="orb" Id="0" SpritesheetId="0"/>
		</Layers>
		<Nulls/>
		<Events>
			<Event Name="loop" Id="0"/>
		</Events>
	</Content>
	<Animations DefaultAnimation="idle">
		<Animation Name="idle" FrameNum="60" Loop="true">
			<RootAnimation>
				<Frame XPosition="0" YPosition="0" XScale="100" YScale="100" Delay="60" Visible="true" RedTint="255" GreenTint="255" BlueTint="255" AlphaTint="255" RedOffset="0" GreenOffset="0" BlueOffset="0" Rotation="0" Interpolated="false"/>
			</RootAnimation>
			<LayerAnimations>
				<LayerAnimation LayerId="0" Visible="true">
					<Frame XPosition="0" YPosition="20" XPivot="225" YPivot="225" XCrop="0" YCrop="0" Width="450" Height="450" XScale="100" YScale="100" Delay="15" Visible="true" RedTint="255" GreenTint="255" BlueTint="255" AlphaTint="255" RedOffset="0" GreenOffset="0" BlueOffset="0" Rotation="0" Interpolated="true"/>
					<Frame XPosition="0" YPosition="6" XPivot="225" YPivot="225" XCrop="0" YCrop="0" Width="450" Height="450" XScale="104" YScale="99" Delay="15" Visible="true" RedTint="255" GreenTint="255" BlueTint="255" AlphaTint="255" RedOffset="0" GreenOffset="0" BlueOffset="0" Rotation="0" Interpolated="true"/>
					<Frame XPosition="0" YPosition="-20" XPivot="225" YPivot="225" XCrop="0" YCrop="0" Width="450" Height="450" XScale="105" YScale="95" Delay="15" Visible="true" RedTint="255" GreenTint="255" BlueTint="255" AlphaTint="255" RedOffset="0" GreenOffset="0" BlueOffset="0" Rotation="0" Interpolated="true"/>
					<Frame XPosition="0" YPosition="-6" XPivot="225" YPivot="225" XCrop="0" YCrop="0" Width="450" Height="450" XScale="102" YScale="98" Delay="14" Visible="true" RedTint="255" GreenTint="255" BlueTint="255" AlphaTint="255" RedOffset="0" GreenOffset="0" BlueOffset="0" Rotation="0" Interpolated="true"/>
					<Frame XPosition="0" YPosition="20" XPivot="225" YPivot="225" XCrop="0" YCrop="0" Width="450" Height="450" XScale="100" YScale="100" Delay="1" Visible="true" RedTint="255" GreenTint="255" BlueTint="255" AlphaTint="255" RedOffset="0" GreenOffset="0" BlueOffset="0" Rotation="0" Interpolated="false"/>
				</LayerAnimation>
			</LayerAnimations>
			<NullAnimations/>
			<Triggers/>
		</Animation>
		<Animation Name="activate" FrameNum="9" Loop="false">
			<RootAnimation>
				<Frame XPosition="0" YPosition="0" XScale="100" YScale="100" Delay="9" Visible="true" RedTint="255" GreenTint="255" BlueTint="255" AlphaTint="255" RedOffset="0" GreenOffset="0" BlueOffset="0" Rotation="0" Interpolated="false"/>
			</RootAnimation>
			<LayerAnimations>
				<LayerAnimation LayerId="0" Visible="true">
					<Frame XPosition="0" YPosition="0" XPivot="225" YPivot="225" XCrop="0" YCrop="0" Width="450" Height="450" XScale="100" YScale="100" Delay="8" Visible="true" RedTint="255" GreenTint="255" BlueTint="255" AlphaTint="51" RedOffset="0" GreenOffset="0" BlueOffset="0" Rotation="0" Interpolated="true"/>
					<Frame XPosition="0" YPosition="20" XPivot="225" YPivot="225" XCrop="0" YCrop="0" Width="450" Height="450" XScale="100" YScale="100" Delay="1" Visible="true" RedTint="255" GreenTint="255" BlueTint="255" AlphaTint="255" RedOffset="0" GreenOffset="0" BlueOffset="0" Rotation="0" Interpolated="false"/>
				</LayerAnimation>
			</LayerAnimations>
			<NullAnimations/>
			<Triggers>
				<Trigger EventId="0" AtFrame="8"/>
			</Triggers>
		</Animation>
	</Animations>
</AnimatedActor>
