<AnimatedActor>
	<Info CreatedBy="Temple9" CreatedOn="2022/6/13 23:07:04" Version="2" Fps="30"/>
	<Content>
		<Spritesheets>
			<Spritesheet Path="Lagavulin_asleep.png" Id="0"/>
			<Spritesheet Path="Lagavulin_eye.png" Id="1"/>
			<Spritesheet Path="Lagavulin_frontLeg.png" Id="2"/>
			<Spritesheet Path="Lagavulin_otherLeg.png" Id="3"/>
			<Spritesheet Path="Lagavulin_shell.png" Id="4"/>
		</Spritesheets>
		<Layers>
			<Layer Name="asleep" Id="0" SpritesheetId="0"/>
			<Layer Name="frontLeg" Id="1" SpritesheetId="2"/>
			<Layer Name="otherLeg" Id="2" SpritesheetId="3"/>
			<Layer Name="shell" Id="3" SpritesheetId="4"/>
			<Layer Name="eye" Id="4" SpritesheetId="1"/>
		</Layers>
		<Nulls/>
		<Events>
			<Event Name="loop" Id="0"/>
		</Events>
	</Content>
	<Animations DefaultAnimation="asleep">
		<Animation Name="asleep" FrameNum="120" Loop="true">
			<RootAnimation>
				<Frame XPosition="0" YPosition="0" XScale="100" YScale="100" Delay="120" Visible="true" RedTint="255" GreenTint="255" BlueTint="255" AlphaTint="255" RedOffset="0" GreenOffset="0" BlueOffset="0" Rotation="0" Interpolated="false"/>
			</RootAnimation>
			<LayerAnimations>
				<LayerAnimation LayerId="0" Visible="true">
					<Frame XPosition="0" YPosition="0" XPivot="225" YPivot="400" XCrop="0" YCrop="0" Width="450" Height="450" XScale="80" YScale="80" Delay="30" Visible="true" RedTint="255" GreenTint="255" BlueTint="255" AlphaTint="255" RedOffset="0" GreenOffset="0" BlueOffset="0" Rotation="0" Interpolated="true"/>
					<Frame XPosition="0" YPosition="0" XPivot="225" YPivot="400" XCrop="0" YCrop="0" Width="450" Height="450" XScale="83" YScale="78" Delay="30" Visible="true" RedTint="255" GreenTint="255" BlueTint="255" AlphaTint="255" RedOffset="0" GreenOffset="0" BlueOffset="0" Rotation="0" Interpolated="true"/>
					<Frame XPosition="0" YPosition="0" XPivot="225" YPivot="400" XCrop="0" YCrop="0" Width="450" Height="450" XScale="80" YScale="80" Delay="30" Visible="true" RedTint="255" GreenTint="255" BlueTint="255" AlphaTint="255" RedOffset="0" GreenOffset="0" BlueOffset="0" Rotation="0" Interpolated="true"/>
					<Frame XPosition="0" YPosition="0" XPivot="225" YPivot="400" XCrop="0" YCrop="0" Width="450" Height="450" XScale="83" YScale="78" Delay="15" Visible="true" RedTint="255" GreenTint="255" BlueTint="255" AlphaTint="255" RedOffset="0" GreenOffset="0" BlueOffset="0" Rotation="0" Interpolated="true"/>
					<Frame XPosition="0" YPosition="0" XPivot="225" YPivot="400" XCrop="0" YCrop="0" Width="450" Height="450" XScale="81" YScale="79" Delay="3" Visible="true" RedTint="255" GreenTint="255" BlueTint="255" AlphaTint="255" RedOffset="0" GreenOffset="0" BlueOffset="0" Rotation="0" Interpolated="true"/>
					<Frame XPosition="0" YPosition="0" XPivot="225" YPivot="400" XCrop="0" YCrop="0" Width="450" Height="450" XScale="81" YScale="79" Delay="3" Visible="true" RedTint="255" GreenTint="255" BlueTint="255" AlphaTint="255" RedOffset="0" GreenOffset="0" BlueOffset="0" Rotation="-3" Interpolated="true"/>
					<Frame XPosition="0" YPosition="0" XPivot="225" YPivot="400" XCrop="0" YCrop="0" Width="450" Height="450" XScale="81" YScale="79" Delay="3" Visible="true" RedTint="255" GreenTint="255" BlueTint="255" AlphaTint="255" RedOffset="0" GreenOffset="0" BlueOffset="0" Rotation="5" Interpolated="true"/>
					<Frame XPosition="0" YPosition="0" XPivot="225" YPivot="400" XCrop="0" YCrop="0" Width="450" Height="450" XScale="80" YScale="80" Delay="3" Visible="true" RedTint="255" GreenTint="255" BlueTint="255" AlphaTint="255" RedOffset="0" GreenOffset="0" BlueOffset="0" Rotation="-5" Interpolated="true"/>
					<Frame XPosition="0" YPosition="0" XPivot="225" YPivot="400" XCrop="0" YCrop="0" Width="450" Height="450" XScale="80" YScale="80" Delay="2" Visible="true" RedTint="255" GreenTint="255" BlueTint="255" AlphaTint="255" RedOffset="0" GreenOffset="0" BlueOffset="0" Rotation="0" Interpolated="true"/>
					<Frame XPosition="0" YPosition="0" XPivot="225" YPivot="400" XCrop="0" YCrop="0" Width="450" Height="450" XScale="80" YScale="80" Delay="1" Visible="true" RedTint="255" GreenTint="255" BlueTint="255" AlphaTint="255" RedOffset="0" GreenOffset="0" BlueOffset="0" Rotation="0" Interpolated="false"/>
				</LayerAnimation>
				<LayerAnimation LayerId="1" Visible="true"/>
				<LayerAnimation LayerId="2" Visible="true"/>
				<LayerAnimation LayerId="3" Visible="true"/>
				<LayerAnimation LayerId="4" Visible="true"/>
			</LayerAnimations>
			<NullAnimations/>
			<Triggers/>
		</Animation>
		<Animation Name="wakeup" FrameNum="21" Loop="false">
			<RootAnimation>
				<Frame XPosition="0" YPosition="0" XScale="100" YScale="100" Delay="21" Visible="true" RedTint="255" GreenTint="255" BlueTint="255" AlphaTint="255" RedOffset="0" GreenOffset="0" BlueOffset="0" Rotation="0" Interpolated="false"/>
			</RootAnimation>
			<LayerAnimations>
				<LayerAnimation LayerId="0" Visible="true">
					<Frame XPosition="0" YPosition="0" XPivot="225" YPivot="400" XCrop="0" YCrop="0" Width="450" Height="450" XScale="80" YScale="80" Delay="14" Visible="true" RedTint="255" GreenTint="255" BlueTint="255" AlphaTint="255" RedOffset="0" GreenOffset="0" BlueOffset="0" Rotation="0" Interpolated="false"/>
					<Frame XPosition="0" YPosition="0" XPivot="225" YPivot="400" XCrop="0" YCrop="0" Width="450" Height="450" XScale="80" YScale="80" Delay="7" Visible="true" RedTint="255" GreenTint="255" BlueTint="255" AlphaTint="0" RedOffset="0" GreenOffset="0" BlueOffset="0" Rotation="0" Interpolated="false"/>
				</LayerAnimation>
				<LayerAnimation LayerId="1" Visible="true">
					<Frame XPosition="-20" YPosition="-50" XPivot="225" YPivot="400" XCrop="0" YCrop="0" Width="450" Height="450" XScale="0" YScale="20" Delay="7" Visible="true" RedTint="255" GreenTint="255" BlueTint="255" AlphaTint="0" RedOffset="0" GreenOffset="0" BlueOffset="0" Rotation="0" Interpolated="true"/>
					<Frame XPosition="-20" YPosition="-50" XPivot="225" YPivot="400" XCrop="0" YCrop="0" Width="450" Height="450" XScale="80" YScale="20" Delay="7" Visible="true" RedTint="255" GreenTint="255" BlueTint="255" AlphaTint="255" RedOffset="0" GreenOffset="0" BlueOffset="0" Rotation="0" Interpolated="true"/>
					<Frame XPosition="0" YPosition="0" XPivot="225" YPivot="400" XCrop="0" YCrop="0" Width="450" Height="450" XScale="90" YScale="73" Delay="6" Visible="true" RedTint="255" GreenTint="255" BlueTint="255" AlphaTint="255" RedOffset="0" GreenOffset="0" BlueOffset="0" Rotation="0" Interpolated="true"/>
					<Frame XPosition="0" YPosition="0" XPivot="225" YPivot="400" XCrop="0" YCrop="0" Width="450" Height="450" XScale="80" YScale="80" Delay="1" Visible="true" RedTint="255" GreenTint="255" BlueTint="255" AlphaTint="255" RedOffset="0" GreenOffset="0" BlueOffset="0" Rotation="0" Interpolated="false"/>
				</LayerAnimation>
				<LayerAnimation LayerId="2" Visible="true">
					<Frame XPosition="20" YPosition="-50" XPivot="225" YPivot="400" XCrop="0" YCrop="0" Width="450" Height="450" XScale="0" YScale="20" Delay="7" Visible="true" RedTint="255" GreenTint="255" BlueTint="255" AlphaTint="0" RedOffset="0" GreenOffset="0" BlueOffset="0" Rotation="0" Interpolated="true"/>
					<Frame XPosition="20" YPosition="-50" XPivot="225" YPivot="400" XCrop="0" YCrop="0" Width="450" Height="450" XScale="80" YScale="20" Delay="7" Visible="true" RedTint="255" GreenTint="255" BlueTint="255" AlphaTint="255" RedOffset="0" GreenOffset="0" BlueOffset="0" Rotation="0" Interpolated="true"/>
					<Frame XPosition="0" YPosition="0" XPivot="225" YPivot="400" XCrop="0" YCrop="0" Width="450" Height="450" XScale="90" YScale="73" Delay="6" Visible="true" RedTint="255" GreenTint="255" BlueTint="255" AlphaTint="255" RedOffset="0" GreenOffset="0" BlueOffset="0" Rotation="0" Interpolated="true"/>
					<Frame XPosition="0" YPosition="0" XPivot="225" YPivot="400" XCrop="0" YCrop="0" Width="450" Height="450" XScale="80" YScale="80" Delay="1" Visible="true" RedTint="255" GreenTint="255" BlueTint="255" AlphaTint="255" RedOffset="0" GreenOffset="0" BlueOffset="0" Rotation="0" Interpolated="false"/>
				</LayerAnimation>
				<LayerAnimation LayerId="3" Visible="true">
					<Frame XPosition="0" YPosition="0" XPivot="16" YPivot="16" XCrop="0" YCrop="0" Width="32" Height="32" XScale="100" YScale="100" Delay="14" Visible="true" RedTint="255" GreenTint="255" BlueTint="255" AlphaTint="0" RedOffset="0" GreenOffset="0" BlueOffset="0" Rotation="0" Interpolated="false"/>
					<Frame XPosition="-150" YPosition="-50" XPivot="225" YPivot="400" XCrop="0" YCrop="0" Width="450" Height="450" XScale="80" YScale="80" Delay="6" Visible="true" RedTint="255" GreenTint="255" BlueTint="255" AlphaTint="255" RedOffset="0" GreenOffset="0" BlueOffset="0" Rotation="70" Interpolated="true"/>
					<Frame XPosition="0" YPosition="0" XPivot="225" YPivot="400" XCrop="0" YCrop="0" Width="450" Height="450" XScale="80" YScale="80" Delay="1" Visible="true" RedTint="255" GreenTint="255" BlueTint="255" AlphaTint="255" RedOffset="0" GreenOffset="0" BlueOffset="0" Rotation="0" Interpolated="false"/>
				</LayerAnimation>
				<LayerAnimation LayerId="4" Visible="true">
					<Frame XPosition="0" YPosition="0" XPivot="16" YPivot="16" XCrop="0" YCrop="0" Width="32" Height="32" XScale="100" YScale="100" Delay="20" Visible="true" RedTint="255" GreenTint="255" BlueTint="255" AlphaTint="0" RedOffset="0" GreenOffset="0" BlueOffset="0" Rotation="0" Interpolated="false"/>
					<Frame XPosition="0" YPosition="0" XPivot="225" YPivot="400" XCrop="0" YCrop="0" Width="450" Height="450" XScale="80" YScale="80" Delay="1" Visible="true" RedTint="255" GreenTint="255" BlueTint="255" AlphaTint="0" RedOffset="0" GreenOffset="0" BlueOffset="0" Rotation="0" Interpolated="false"/>
				</LayerAnimation>
			</LayerAnimations>
			<NullAnimations/>
			<Triggers>
				<Trigger EventId="0" AtFrame="20"/>
			</Triggers>
		</Animation>
		<Animation Name="idle" FrameNum="60" Loop="true">
			<RootAnimation>
				<Frame XPosition="0" YPosition="0" XScale="100" YScale="100" Delay="60" Visible="true" RedTint="255" GreenTint="255" BlueTint="255" AlphaTint="255" RedOffset="0" GreenOffset="0" BlueOffset="0" Rotation="0" Interpolated="false"/>
			</RootAnimation>
			<LayerAnimations>
				<LayerAnimation LayerId="0" Visible="true"/>
				<LayerAnimation LayerId="1" Visible="true">
					<Frame XPosition="0" YPosition="0" XPivot="225" YPivot="400" XCrop="0" YCrop="0" Width="450" Height="450" XScale="80" YScale="80" Delay="15" Visible="true" RedTint="255" GreenTint="255" BlueTint="255" AlphaTint="255" RedOffset="0" GreenOffset="0" BlueOffset="0" Rotation="0" Interpolated="true"/>
					<Frame XPosition="-5" YPosition="3" XPivot="225" YPivot="400" XCrop="0" YCrop="0" Width="450" Height="450" XScale="83" YScale="78" Delay="15" Visible="true" RedTint="255" GreenTint="255" BlueTint="255" AlphaTint="255" RedOffset="0" GreenOffset="0" BlueOffset="0" Rotation="0" Interpolated="true"/>
					<Frame XPosition="0" YPosition="0" XPivot="225" YPivot="400" XCrop="0" YCrop="0" Width="450" Height="450" XScale="80" YScale="80" Delay="15" Visible="true" RedTint="255" GreenTint="255" BlueTint="255" AlphaTint="255" RedOffset="0" GreenOffset="0" BlueOffset="0" Rotation="0" Interpolated="true"/>
					<Frame XPosition="-2" YPosition="7" XPivot="225" YPivot="400" XCrop="0" YCrop="0" Width="450" Height="450" XScale="83" YScale="78" Delay="14" Visible="true" RedTint="255" GreenTint="255" BlueTint="255" AlphaTint="255" RedOffset="0" GreenOffset="0" BlueOffset="0" Rotation="0" Interpolated="true"/>
					<Frame XPosition="0" YPosition="0" XPivot="225" YPivot="400" XCrop="0" YCrop="0" Width="450" Height="450" XScale="80" YScale="80" Delay="1" Visible="true" RedTint="255" GreenTint="255" BlueTint="255" AlphaTint="255" RedOffset="0" GreenOffset="0" BlueOffset="0" Rotation="0" Interpolated="false"/>
				</LayerAnimation>
				<LayerAnimation LayerId="2" Visible="true">
					<Frame XPosition="0" YPosition="0" XPivot="225" YPivot="400" XCrop="0" YCrop="0" Width="450" Height="450" XScale="80" YScale="80" Delay="15" Visible="true" RedTint="255" GreenTint="255" BlueTint="255" AlphaTint="255" RedOffset="0" GreenOffset="0" BlueOffset="0" Rotation="0" Interpolated="true"/>
					<Frame XPosition="0" YPosition="6" XPivot="225" YPivot="400" XCrop="0" YCrop="0" Width="450" Height="450" XScale="83" YScale="78" Delay="15" Visible="true" RedTint="255" GreenTint="255" BlueTint="255" AlphaTint="255" RedOffset="0" GreenOffset="0" BlueOffset="0" Rotation="-3" Interpolated="true"/>
					<Frame XPosition="0" YPosition="0" XPivot="225" YPivot="400" XCrop="0" YCrop="0" Width="450" Height="450" XScale="80" YScale="80" Delay="15" Visible="true" RedTint="255" GreenTint="255" BlueTint="255" AlphaTint="255" RedOffset="0" GreenOffset="0" BlueOffset="0" Rotation="0" Interpolated="true"/>
					<Frame XPosition="0" YPosition="3" XPivot="225" YPivot="400" XCrop="0" YCrop="0" Width="450" Height="450" XScale="83" YScale="78" Delay="14" Visible="true" RedTint="255" GreenTint="255" BlueTint="255" AlphaTint="255" RedOffset="0" GreenOffset="0" BlueOffset="0" Rotation="3" Interpolated="true"/>
					<Frame XPosition="0" YPosition="0" XPivot="225" YPivot="400" XCrop="0" YCrop="0" Width="450" Height="450" XScale="80" YScale="80" Delay="1" Visible="true" RedTint="255" GreenTint="255" BlueTint="255" AlphaTint="255" RedOffset="0" GreenOffset="0" BlueOffset="0" Rotation="0" Interpolated="false"/>
				</LayerAnimation>
				<LayerAnimation LayerId="3" Visible="true">
					<Frame XPosition="0" YPosition="0" XPivot="225" YPivot="400" XCrop="0" YCrop="0" Width="450" Height="450" XScale="80" YScale="80" Delay="8" Visible="true" RedTint="255" GreenTint="255" BlueTint="255" AlphaTint="255" RedOffset="0" GreenOffset="0" BlueOffset="0" Rotation="0" Interpolated="true"/>
					<Frame XPosition="-3" YPosition="3" XPivot="225" YPivot="400" XCrop="0" YCrop="0" Width="450" Height="450" XScale="78" YScale="82" Delay="7" Visible="true" RedTint="255" GreenTint="255" BlueTint="255" AlphaTint="255" RedOffset="0" GreenOffset="0" BlueOffset="0" Rotation="0" Interpolated="true"/>
					<Frame XPosition="-5" YPosition="3" XPivot="225" YPivot="400" XCrop="0" YCrop="0" Width="450" Height="450" XScale="79" YScale="81" Delay="8" Visible="true" RedTint="255" GreenTint="255" BlueTint="255" AlphaTint="255" RedOffset="0" GreenOffset="0" BlueOffset="0" Rotation="-3" Interpolated="true"/>
					<Frame XPosition="-3" YPosition="-4" XPivot="225" YPivot="400" XCrop="0" YCrop="0" Width="450" Height="450" XScale="80" YScale="80" Delay="7" Visible="true" RedTint="255" GreenTint="255" BlueTint="255" AlphaTint="255" RedOffset="0" GreenOffset="0" BlueOffset="0" Rotation="-3" Interpolated="true"/>
					<Frame XPosition="0" YPosition="0" XPivot="225" YPivot="400" XCrop="0" YCrop="0" Width="450" Height="450" XScale="80" YScale="80" Delay="8" Visible="true" RedTint="255" GreenTint="255" BlueTint="255" AlphaTint="255" RedOffset="0" GreenOffset="0" BlueOffset="0" Rotation="0" Interpolated="true"/>
					<Frame XPosition="3" YPosition="3" XPivot="225" YPivot="400" XCrop="0" YCrop="0" Width="450" Height="450" XScale="78" YScale="82" Delay="7" Visible="true" RedTint="255" GreenTint="255" BlueTint="255" AlphaTint="255" RedOffset="0" GreenOffset="0" BlueOffset="0" Rotation="0" Interpolated="true"/>
					<Frame XPosition="5" YPosition="3" XPivot="225" YPivot="400" XCrop="0" YCrop="0" Width="450" Height="450" XScale="79" YScale="81" Delay="7" Visible="true" RedTint="255" GreenTint="255" BlueTint="255" AlphaTint="255" RedOffset="0" GreenOffset="0" BlueOffset="0" Rotation="3" Interpolated="true"/>
					<Frame XPosition="3" YPosition="-4" XPivot="225" YPivot="400" XCrop="0" YCrop="0" Width="450" Height="450" XScale="80" YScale="80" Delay="7" Visible="true" RedTint="255" GreenTint="255" BlueTint="255" AlphaTint="255" RedOffset="0" GreenOffset="0" BlueOffset="0" Rotation="3" Interpolated="true"/>
					<Frame XPosition="0" YPosition="0" XPivot="225" YPivot="400" XCrop="0" YCrop="0" Width="450" Height="450" XScale="80" YScale="80" Delay="1" Visible="true" RedTint="255" GreenTint="255" BlueTint="255" AlphaTint="255" RedOffset="0" GreenOffset="0" BlueOffset="0" Rotation="0" Interpolated="false"/>
				</LayerAnimation>
				<LayerAnimation LayerId="4" Visible="true">
					<Frame XPosition="0" YPosition="0" XPivot="225" YPivot="400" XCrop="0" YCrop="0" Width="450" Height="450" XScale="80" YScale="80" Delay="8" Visible="true" RedTint="255" GreenTint="255" BlueTint="255" AlphaTint="50" RedOffset="0" GreenOffset="0" BlueOffset="0" Rotation="0" Interpolated="true"/>
					<Frame XPosition="-3" YPosition="3" XPivot="225" YPivot="400" XCrop="0" YCrop="0" Width="450" Height="450" XScale="80" YScale="80" Delay="7" Visible="true" RedTint="255" GreenTint="255" BlueTint="255" AlphaTint="125" RedOffset="0" GreenOffset="0" BlueOffset="0" Rotation="0" Interpolated="true"/>
					<Frame XPosition="-5" YPosition="3" XPivot="225" YPivot="400" XCrop="0" YCrop="0" Width="450" Height="450" XScale="80" YScale="80" Delay="8" Visible="true" RedTint="0" GreenTint="255" BlueTint="255" AlphaTint="255" RedOffset="0" GreenOffset="0" BlueOffset="0" Rotation="-3" Interpolated="true"/>
					<Frame XPosition="-3" YPosition="-4" XPivot="225" YPivot="400" XCrop="0" YCrop="0" Width="450" Height="450" XScale="80" YScale="80" Delay="7" Visible="true" RedTint="255" GreenTint="255" BlueTint="255" AlphaTint="125" RedOffset="0" GreenOffset="0" BlueOffset="0" Rotation="-3" Interpolated="true"/>
					<Frame XPosition="0" YPosition="0" XPivot="225" YPivot="400" XCrop="0" YCrop="0" Width="450" Height="450" XScale="80" YScale="80" Delay="8" Visible="true" RedTint="255" GreenTint="255" BlueTint="255" AlphaTint="50" RedOffset="0" GreenOffset="0" BlueOffset="0" Rotation="0" Interpolated="true"/>
					<Frame XPosition="3" YPosition="3" XPivot="225" YPivot="400" XCrop="0" YCrop="0" Width="450" Height="450" XScale="80" YScale="80" Delay="7" Visible="true" RedTint="255" GreenTint="255" BlueTint="255" AlphaTint="125" RedOffset="0" GreenOffset="0" BlueOffset="0" Rotation="0" Interpolated="true"/>
					<Frame XPosition="5" YPosition="3" XPivot="225" YPivot="400" XCrop="0" YCrop="0" Width="450" Height="450" XScale="80" YScale="80" Delay="7" Visible="true" RedTint="0" GreenTint="255" BlueTint="255" AlphaTint="255" RedOffset="0" GreenOffset="0" BlueOffset="0" Rotation="3" Interpolated="true"/>
					<Frame XPosition="3" YPosition="-4" XPivot="225" YPivot="400" XCrop="0" YCrop="0" Width="450" Height="450" XScale="80" YScale="80" Delay="7" Visible="true" RedTint="125" GreenTint="125" BlueTint="255" AlphaTint="125" RedOffset="0" GreenOffset="0" BlueOffset="0" Rotation="3" Interpolated="true"/>
					<Frame XPosition="0" YPosition="0" XPivot="225" YPivot="400" XCrop="0" YCrop="0" Width="450" Height="450" XScale="80" YScale="80" Delay="1" Visible="true" RedTint="255" GreenTint="255" BlueTint="255" AlphaTint="50" RedOffset="0" GreenOffset="0" BlueOffset="0" Rotation="0" Interpolated="false"/>
				</LayerAnimation>
			</LayerAnimations>
			<NullAnimations/>
			<Triggers/>
		</Animation>
		<Animation Name="attack" FrameNum="15" Loop="false">
			<RootAnimation>
				<Frame XPosition="0" YPosition="0" XScale="100" YScale="100" Delay="15" Visible="true" RedTint="255" GreenTint="255" BlueTint="255" AlphaTint="255" RedOffset="0" GreenOffset="0" BlueOffset="0" Rotation="0" Interpolated="false"/>
			</RootAnimation>
			<LayerAnimations>
				<LayerAnimation LayerId="0" Visible="true"/>
				<LayerAnimation LayerId="1" Visible="true">
					<Frame XPosition="0" YPosition="0" XPivot="225" YPivot="400" XCrop="0" YCrop="0" Width="450" Height="450" XScale="80" YScale="80" Delay="5" Visible="true" RedTint="255" GreenTint="255" BlueTint="255" AlphaTint="255" RedOffset="0" GreenOffset="0" BlueOffset="0" Rotation="0" Interpolated="true"/>
					<Frame XPosition="-40" YPosition="-40" XPivot="225" YPivot="400" XCrop="0" YCrop="0" Width="450" Height="450" XScale="60" YScale="100" Delay="3" Visible="true" RedTint="255" GreenTint="255" BlueTint="255" AlphaTint="255" RedOffset="0" GreenOffset="0" BlueOffset="0" Rotation="30" Interpolated="true"/>
					<Frame XPosition="-20" YPosition="-30" XPivot="225" YPivot="400" XCrop="0" YCrop="0" Width="450" Height="450" XScale="140" YScale="60" Delay="6" Visible="true" RedTint="255" GreenTint="255" BlueTint="255" AlphaTint="255" RedOffset="0" GreenOffset="0" BlueOffset="0" Rotation="-20" Interpolated="true"/>
					<Frame XPosition="0" YPosition="0" XPivot="225" YPivot="400" XCrop="0" YCrop="0" Width="450" Height="450" XScale="80" YScale="80" Delay="1" Visible="true" RedTint="255" GreenTint="255" BlueTint="255" AlphaTint="255" RedOffset="0" GreenOffset="0" BlueOffset="0" Rotation="0" Interpolated="true"/>
				</LayerAnimation>
				<LayerAnimation LayerId="2" Visible="true">
					<Frame XPosition="0" YPosition="0" XPivot="225" YPivot="400" XCrop="0" YCrop="0" Width="450" Height="450" XScale="80" YScale="80" Delay="5" Visible="true" RedTint="255" GreenTint="255" BlueTint="255" AlphaTint="255" RedOffset="0" GreenOffset="0" BlueOffset="0" Rotation="0" Interpolated="true"/>
					<Frame XPosition="0" YPosition="0" XPivot="225" YPivot="400" XCrop="0" YCrop="0" Width="450" Height="450" XScale="60" YScale="95" Delay="3" Visible="true" RedTint="255" GreenTint="255" BlueTint="255" AlphaTint="255" RedOffset="0" GreenOffset="0" BlueOffset="0" Rotation="10" Interpolated="true"/>
					<Frame XPosition="-20" YPosition="20" XPivot="225" YPivot="400" XCrop="0" YCrop="0" Width="450" Height="450" XScale="80" YScale="110" Delay="6" Visible="true" RedTint="255" GreenTint="255" BlueTint="255" AlphaTint="255" RedOffset="0" GreenOffset="0" BlueOffset="0" Rotation="-10" Interpolated="true"/>
					<Frame XPosition="0" YPosition="0" XPivot="225" YPivot="400" XCrop="0" YCrop="0" Width="450" Height="450" XScale="80" YScale="80" Delay="1" Visible="true" RedTint="255" GreenTint="255" BlueTint="255" AlphaTint="255" RedOffset="0" GreenOffset="0" BlueOffset="0" Rotation="0" Interpolated="true"/>
				</LayerAnimation>
				<LayerAnimation LayerId="3" Visible="true">
					<Frame XPosition="0" YPosition="0" XPivot="225" YPivot="400" XCrop="0" YCrop="0" Width="450" Height="450" XScale="80" YScale="80" Delay="5" Visible="true" RedTint="255" GreenTint="255" BlueTint="255" AlphaTint="255" RedOffset="0" GreenOffset="0" BlueOffset="0" Rotation="0" Interpolated="true"/>
					<Frame XPosition="-40" YPosition="-30" XPivot="225" YPivot="400" XCrop="0" YCrop="0" Width="450" Height="450" XScale="80" YScale="80" Delay="3" Visible="true" RedTint="255" GreenTint="255" BlueTint="255" AlphaTint="255" RedOffset="0" GreenOffset="0" BlueOffset="0" Rotation="30" Interpolated="true"/>
					<Frame XPosition="0" YPosition="-20" XPivot="225" YPivot="400" XCrop="0" YCrop="0" Width="450" Height="450" XScale="80" YScale="80" Delay="6" Visible="true" RedTint="255" GreenTint="255" BlueTint="255" AlphaTint="255" RedOffset="0" GreenOffset="0" BlueOffset="0" Rotation="-30" Interpolated="true"/>
					<Frame XPosition="0" YPosition="0" XPivot="225" YPivot="400" XCrop="0" YCrop="0" Width="450" Height="450" XScale="80" YScale="80" Delay="1" Visible="true" RedTint="255" GreenTint="255" BlueTint="255" AlphaTint="255" RedOffset="0" GreenOffset="0" BlueOffset="0" Rotation="0" Interpolated="true"/>
				</LayerAnimation>
				<LayerAnimation LayerId="4" Visible="true">
					<Frame XPosition="0" YPosition="0" XPivot="225" YPivot="400" XCrop="0" YCrop="0" Width="450" Height="450" XScale="80" YScale="80" Delay="5" Visible="true" RedTint="255" GreenTint="255" BlueTint="255" AlphaTint="50" RedOffset="0" GreenOffset="0" BlueOffset="0" Rotation="0" Interpolated="true"/>
					<Frame XPosition="-40" YPosition="-30" XPivot="225" YPivot="400" XCrop="0" YCrop="0" Width="450" Height="450" XScale="80" YScale="80" Delay="3" Visible="true" RedTint="0" GreenTint="255" BlueTint="255" AlphaTint="255" RedOffset="0" GreenOffset="0" BlueOffset="0" Rotation="30" Interpolated="true"/>
					<Frame XPosition="0" YPosition="-20" XPivot="225" YPivot="400" XCrop="0" YCrop="0" Width="450" Height="450" XScale="80" YScale="80" Delay="6" Visible="true" RedTint="255" GreenTint="0" BlueTint="0" AlphaTint="255" RedOffset="0" GreenOffset="0" BlueOffset="0" Rotation="-30" Interpolated="true"/>
					<Frame XPosition="0" YPosition="0" XPivot="225" YPivot="400" XCrop="0" YCrop="0" Width="450" Height="450" XScale="80" YScale="80" Delay="1" Visible="true" RedTint="255" GreenTint="255" BlueTint="255" AlphaTint="50" RedOffset="0" GreenOffset="0" BlueOffset="0" Rotation="0" Interpolated="true"/>
				</LayerAnimation>
			</LayerAnimations>
			<NullAnimations/>
			<Triggers>
				<Trigger EventId="0" AtFrame="14"/>
			</Triggers>
		</Animation>
		<Animation Name="suck" FrameNum="27" Loop="false">
			<RootAnimation>
				<Frame XPosition="0" YPosition="0" XScale="100" YScale="100" Delay="27" Visible="true" RedTint="255" GreenTint="255" BlueTint="255" AlphaTint="255" RedOffset="0" GreenOffset="0" BlueOffset="0" Rotation="0" Interpolated="false"/>
			</RootAnimation>
			<LayerAnimations>
				<LayerAnimation LayerId="0" Visible="true"/>
				<LayerAnimation LayerId="1" Visible="true">
					<Frame XPosition="0" YPosition="0" XPivot="225" YPivot="400" XCrop="0" YCrop="0" Width="450" Height="450" XScale="80" YScale="80" Delay="5" Visible="true" RedTint="255" GreenTint="255" BlueTint="255" AlphaTint="255" RedOffset="0" GreenOffset="0" BlueOffset="0" Rotation="0" Interpolated="true"/>
					<Frame XPosition="0" YPosition="-20" XPivot="225" YPivot="400" XCrop="0" YCrop="0" Width="450" Height="450" XScale="70" YScale="80" Delay="3" Visible="true" RedTint="255" GreenTint="255" BlueTint="255" AlphaTint="255" RedOffset="0" GreenOffset="0" BlueOffset="0" Rotation="-10" Interpolated="true"/>
					<Frame XPosition="-20" YPosition="-30" XPivot="225" YPivot="400" XCrop="0" YCrop="0" Width="450" Height="450" XScale="90" YScale="60" Delay="3" Visible="true" RedTint="255" GreenTint="255" BlueTint="255" AlphaTint="255" RedOffset="0" GreenOffset="0" BlueOffset="0" Rotation="-20" Interpolated="true"/>
					<Frame XPosition="-20" YPosition="-20" XPivot="225" YPivot="400" XCrop="0" YCrop="0" Width="450" Height="450" XScale="85" YScale="70" Delay="3" Visible="true" RedTint="255" GreenTint="255" BlueTint="255" AlphaTint="255" RedOffset="0" GreenOffset="0" BlueOffset="0" Rotation="-15" Interpolated="true"/>
					<Frame XPosition="-20" YPosition="-30" XPivot="225" YPivot="400" XCrop="0" YCrop="0" Width="450" Height="450" XScale="90" YScale="60" Delay="3" Visible="true" RedTint="255" GreenTint="255" BlueTint="255" AlphaTint="255" RedOffset="0" GreenOffset="0" BlueOffset="0" Rotation="-20" Interpolated="true"/>
					<Frame XPosition="-20" YPosition="-20" XPivot="225" YPivot="400" XCrop="0" YCrop="0" Width="450" Height="450" XScale="85" YScale="70" Delay="9" Visible="true" RedTint="255" GreenTint="255" BlueTint="255" AlphaTint="255" RedOffset="0" GreenOffset="0" BlueOffset="0" Rotation="-15" Interpolated="true"/>
					<Frame XPosition="0" YPosition="0" XPivot="225" YPivot="400" XCrop="0" YCrop="0" Width="450" Height="450" XScale="80" YScale="80" Delay="1" Visible="true" RedTint="255" GreenTint="255" BlueTint="255" AlphaTint="255" RedOffset="0" GreenOffset="0" BlueOffset="0" Rotation="0" Interpolated="true"/>
				</LayerAnimation>
				<LayerAnimation LayerId="2" Visible="true">
					<Frame XPosition="0" YPosition="0" XPivot="225" YPivot="400" XCrop="0" YCrop="0" Width="450" Height="450" XScale="80" YScale="80" Delay="5" Visible="true" RedTint="255" GreenTint="255" BlueTint="255" AlphaTint="255" RedOffset="0" GreenOffset="0" BlueOffset="0" Rotation="0" Interpolated="true"/>
					<Frame XPosition="0" YPosition="0" XPivot="225" YPivot="400" XCrop="0" YCrop="0" Width="450" Height="450" XScale="70" YScale="80" Delay="3" Visible="true" RedTint="255" GreenTint="255" BlueTint="255" AlphaTint="255" RedOffset="0" GreenOffset="0" BlueOffset="0" Rotation="10" Interpolated="true"/>
					<Frame XPosition="-20" YPosition="20" XPivot="225" YPivot="400" XCrop="0" YCrop="0" Width="450" Height="450" XScale="80" YScale="110" Delay="3" Visible="true" RedTint="255" GreenTint="255" BlueTint="255" AlphaTint="255" RedOffset="0" GreenOffset="0" BlueOffset="0" Rotation="-10" Interpolated="true"/>
					<Frame XPosition="-20" YPosition="20" XPivot="225" YPivot="400" XCrop="0" YCrop="0" Width="450" Height="450" XScale="80" YScale="110" Delay="3" Visible="true" RedTint="255" GreenTint="255" BlueTint="255" AlphaTint="255" RedOffset="0" GreenOffset="0" BlueOffset="0" Rotation="-5" Interpolated="true"/>
					<Frame XPosition="-20" YPosition="20" XPivot="225" YPivot="400" XCrop="0" YCrop="0" Width="450" Height="450" XScale="80" YScale="110" Delay="3" Visible="true" RedTint="255" GreenTint="255" BlueTint="255" AlphaTint="255" RedOffset="0" GreenOffset="0" BlueOffset="0" Rotation="-10" Interpolated="true"/>
					<Frame XPosition="-20" YPosition="20" XPivot="225" YPivot="400" XCrop="0" YCrop="0" Width="450" Height="450" XScale="80" YScale="110" Delay="9" Visible="true" RedTint="255" GreenTint="255" BlueTint="255" AlphaTint="255" RedOffset="0" GreenOffset="0" BlueOffset="0" Rotation="-5" Interpolated="true"/>
					<Frame XPosition="0" YPosition="0" XPivot="225" YPivot="400" XCrop="0" YCrop="0" Width="450" Height="450" XScale="80" YScale="80" Delay="1" Visible="true" RedTint="255" GreenTint="255" BlueTint="255" AlphaTint="255" RedOffset="0" GreenOffset="0" BlueOffset="0" Rotation="0" Interpolated="true"/>
				</LayerAnimation>
				<LayerAnimation LayerId="3" Visible="true">
					<Frame XPosition="0" YPosition="0" XPivot="225" YPivot="400" XCrop="0" YCrop="0" Width="450" Height="450" XScale="80" YScale="80" Delay="5" Visible="true" RedTint="255" GreenTint="255" BlueTint="255" AlphaTint="255" RedOffset="0" GreenOffset="0" BlueOffset="0" Rotation="0" Interpolated="true"/>
					<Frame XPosition="-30" YPosition="-10" XPivot="225" YPivot="400" XCrop="0" YCrop="0" Width="450" Height="450" XScale="80" YScale="80" Delay="3" Visible="true" RedTint="255" GreenTint="255" BlueTint="255" AlphaTint="255" RedOffset="0" GreenOffset="0" BlueOffset="0" Rotation="20" Interpolated="true"/>
					<Frame XPosition="0" YPosition="-20" XPivot="225" YPivot="400" XCrop="0" YCrop="0" Width="450" Height="450" XScale="80" YScale="80" Delay="3" Visible="true" RedTint="255" GreenTint="255" BlueTint="255" AlphaTint="255" RedOffset="0" GreenOffset="0" BlueOffset="0" Rotation="-30" Interpolated="true"/>
					<Frame XPosition="0" YPosition="-20" XPivot="225" YPivot="400" XCrop="0" YCrop="0" Width="450" Height="450" XScale="80" YScale="80" Delay="3" Visible="true" RedTint="255" GreenTint="255" BlueTint="255" AlphaTint="255" RedOffset="0" GreenOffset="0" BlueOffset="0" Rotation="-20" Interpolated="true"/>
					<Frame XPosition="0" YPosition="-20" XPivot="225" YPivot="400" XCrop="0" YCrop="0" Width="450" Height="450" XScale="80" YScale="80" Delay="3" Visible="true" RedTint="255" GreenTint="255" BlueTint="255" AlphaTint="255" RedOffset="0" GreenOffset="0" BlueOffset="0" Rotation="-30" Interpolated="true"/>
					<Frame XPosition="0" YPosition="-20" XPivot="225" YPivot="400" XCrop="0" YCrop="0" Width="450" Height="450" XScale="80" YScale="80" Delay="9" Visible="true" RedTint="255" GreenTint="255" BlueTint="255" AlphaTint="255" RedOffset="0" GreenOffset="0" BlueOffset="0" Rotation="-20" Interpolated="true"/>
					<Frame XPosition="0" YPosition="0" XPivot="225" YPivot="400" XCrop="0" YCrop="0" Width="450" Height="450" XScale="80" YScale="80" Delay="1" Visible="true" RedTint="255" GreenTint="255" BlueTint="255" AlphaTint="255" RedOffset="0" GreenOffset="0" BlueOffset="0" Rotation="0" Interpolated="true"/>
				</LayerAnimation>
				<LayerAnimation LayerId="4" Visible="true">
					<Frame XPosition="0" YPosition="0" XPivot="225" YPivot="400" XCrop="0" YCrop="0" Width="450" Height="450" XScale="80" YScale="80" Delay="5" Visible="true" RedTint="255" GreenTint="255" BlueTint="255" AlphaTint="255" RedOffset="0" GreenOffset="0" BlueOffset="0" Rotation="0" Interpolated="true"/>
					<Frame XPosition="-30" YPosition="-10" XPivot="225" YPivot="400" XCrop="0" YCrop="0" Width="450" Height="450" XScale="80" YScale="80" Delay="3" Visible="true" RedTint="255" GreenTint="255" BlueTint="255" AlphaTint="255" RedOffset="0" GreenOffset="0" BlueOffset="0" Rotation="20" Interpolated="true"/>
					<Frame XPosition="0" YPosition="-20" XPivot="225" YPivot="400" XCrop="0" YCrop="0" Width="450" Height="450" XScale="80" YScale="80" Delay="3" Visible="true" RedTint="255" GreenTint="100" BlueTint="255" AlphaTint="255" RedOffset="0" GreenOffset="0" BlueOffset="0" Rotation="-30" Interpolated="true"/>
					<Frame XPosition="0" YPosition="-20" XPivot="225" YPivot="400" XCrop="0" YCrop="0" Width="450" Height="450" XScale="80" YScale="80" Delay="3" Visible="true" RedTint="255" GreenTint="0" BlueTint="255" AlphaTint="255" RedOffset="0" GreenOffset="0" BlueOffset="0" Rotation="-20" Interpolated="true"/>
					<Frame XPosition="0" YPosition="-20" XPivot="225" YPivot="400" XCrop="0" YCrop="0" Width="450" Height="450" XScale="80" YScale="80" Delay="3" Visible="true" RedTint="255" GreenTint="100" BlueTint="255" AlphaTint="255" RedOffset="0" GreenOffset="0" BlueOffset="0" Rotation="-30" Interpolated="true"/>
					<Frame XPosition="0" YPosition="-20" XPivot="225" YPivot="400" XCrop="0" YCrop="0" Width="450" Height="450" XScale="80" YScale="80" Delay="9" Visible="true" RedTint="255" GreenTint="255" BlueTint="255" AlphaTint="255" RedOffset="0" GreenOffset="0" BlueOffset="0" Rotation="-20" Interpolated="true"/>
					<Frame XPosition="0" YPosition="0" XPivot="225" YPivot="400" XCrop="0" YCrop="0" Width="450" Height="450" XScale="80" YScale="80" Delay="1" Visible="true" RedTint="255" GreenTint="255" BlueTint="255" AlphaTint="255" RedOffset="0" GreenOffset="0" BlueOffset="0" Rotation="0" Interpolated="true"/>
				</LayerAnimation>
			</LayerAnimations>
			<NullAnimations/>
			<Triggers>
				<Trigger EventId="0" AtFrame="26"/>
			</Triggers>
		</Animation>
	</Animations>
</AnimatedActor>
