<AnimatedActor>
	<Info CreatedBy="Temple9" CreatedOn="2022/4/20 0:05:03" Version="8" Fps="30"/>
	<Content>
		<Spritesheets>
			<Spritesheet Path="LouseDefensive.png" Id="0"/>
			<Spritesheet Path="LouseDefensive_curl.png" Id="1"/>
		</Spritesheets>
		<Layers>
			<Layer Name="LouseDefensive" Id="0" SpritesheetId="0"/>
			<Layer Name="LouseDefensive_curl" Id="1" SpritesheetId="1"/>
		</Layers>
		<Nulls/>
		<Events/>
	</Content>
	<Animations DefaultAnimation="idle">
		<Animation Name="idle" FrameNum="60" Loop="true">
			<RootAnimation>
				<Frame XPosition="0" YPosition="0" XScale="100" YScale="100" Delay="60" Visible="true" RedTint="255" GreenTint="255" BlueTint="255" AlphaTint="255" RedOffset="0" GreenOffset="0" BlueOffset="0" Rotation="0" Interpolated="false"/>
			</RootAnimation>
			<LayerAnimations>
				<LayerAnimation LayerId="0" Visible="true">
					<Frame XPosition="0" YPosition="0" XPivot="214" YPivot="346" XCrop="0" YCrop="0" Width="400" Height="400" XScale="100" YScale="100" Delay="30" Visible="true" RedTint="255" GreenTint="255" BlueTint="255" AlphaTint="255" RedOffset="0" GreenOffset="0" BlueOffset="0" Rotation="0" Interpolated="true"/>
					<Frame XPosition="0" YPosition="0" XPivot="214" YPivot="346" XCrop="0" YCrop="0" Width="400" Height="400" XScale="105" YScale="100" Delay="29" Visible="true" RedTint="255" GreenTint="255" BlueTint="255" AlphaTint="255" RedOffset="0" GreenOffset="0" BlueOffset="0" Rotation="0" Interpolated="true"/>
					<Frame XPosition="0" YPosition="0" XPivot="214" YPivot="346" XCrop="0" YCrop="0" Width="400" Height="400" XScale="100" YScale="100" Delay="1" Visible="true" RedTint="255" GreenTint="255" BlueTint="255" AlphaTint="255" RedOffset="0" GreenOffset="0" BlueOffset="0" Rotation="0" Interpolated="false"/>
				</LayerAnimation>
			</LayerAnimations>
			<NullAnimations/>
			<Triggers/>
		</Animation>
		<Animation Name="curl" FrameNum="60" Loop="true">
			<RootAnimation>
				<Frame XPosition="0" YPosition="0" XScale="100" YScale="100" Delay="60" Visible="true" RedTint="255" GreenTint="255" BlueTint="255" AlphaTint="255" RedOffset="0" GreenOffset="0" BlueOffset="0" Rotation="0" Interpolated="false"/>
			</RootAnimation>
			<LayerAnimations>
				<LayerAnimation LayerId="1" Visible="true">
					<Frame XPosition="0" YPosition="8" XPivot="214" YPivot="346" XCrop="0" YCrop="0" Width="400" Height="400" XScale="100" YScale="100" Delay="30" Visible="true" RedTint="255" GreenTint="255" BlueTint="255" AlphaTint="255" RedOffset="0" GreenOffset="0" BlueOffset="0" Rotation="0" Interpolated="true"/>
					<Frame XPosition="0" YPosition="8" XPivot="214" YPivot="346" XCrop="0" YCrop="0" Width="400" Height="400" XScale="105" YScale="97" Delay="29" Visible="true" RedTint="255" GreenTint="255" BlueTint="255" AlphaTint="255" RedOffset="0" GreenOffset="0" BlueOffset="0" Rotation="0" Interpolated="true"/>
					<Frame XPosition="0" YPosition="8" XPivot="214" YPivot="346" XCrop="0" YCrop="0" Width="400" Height="400" XScale="100" YScale="100" Delay="1" Visible="true" RedTint="255" GreenTint="255" BlueTint="255" AlphaTint="255" RedOffset="0" GreenOffset="0" BlueOffset="0" Rotation="0" Interpolated="false"/>
				</LayerAnimation>
			</LayerAnimations>
			<NullAnimations/>
			<Triggers/>
		</Animation>
	</Animations>
</AnimatedActor>
