<AnimatedActor>
	<Info CreatedBy="Unknown" CreatedOn="2022/4/23 15:26:42" Version="2" Fps="30"/>
	<Content>
		<Spritesheets>
			<Spritesheet Path="ShelledParasite.png" Id="0"/>
		</Spritesheets>
		<Layers>
			<Layer Name="ShelledParasite" Id="0" SpritesheetId="0"/>
		</Layers>
		<Nulls/>
		<Events/>
	</Content>
	<Animations DefaultAnimation="idle">
		<Animation Name="idle" FrameNum="45" Loop="true">
			<RootAnimation>
				<Frame XPosition="0" YPosition="0" XScale="100" YScale="100" Delay="45" Visible="true" RedTint="255" GreenTint="255" BlueTint="255" AlphaTint="255" RedOffset="0" GreenOffset="0" BlueOffset="0" Rotation="0" Interpolated="false"/>
			</RootAnimation>
			<LayerAnimations>
				<LayerAnimation LayerId="0" Visible="true">
					<Frame XPosition="0" YPosition="0" XPivot="200" YPivot="380" XCrop="0" YCrop="0" Width="400" Height="400" XScale="80" YScale="80" Delay="15" Visible="true" RedTint="255" GreenTint="255" BlueTint="255" AlphaTint="255" RedOffset="0" GreenOffset="0" BlueOffset="0" Rotation="0" Interpolated="true"/>
					<Frame XPosition="-10" YPosition="10" XPivot="200" YPivot="380" XCrop="0" YCrop="0" Width="400" Height="400" XScale="80" YScale="77" Delay="15" Visible="true" RedTint="255" GreenTint="255" BlueTint="255" AlphaTint="255" RedOffset="0" GreenOffset="0" BlueOffset="0" Rotation="0" Interpolated="true"/>
					<Frame XPosition="10" YPosition="10" XPivot="200" YPivot="380" XCrop="0" YCrop="0" Width="400" Height="400" XScale="82" YScale="80" Delay="14" Visible="true" RedTint="255" GreenTint="255" BlueTint="255" AlphaTint="255" RedOffset="0" GreenOffset="0" BlueOffset="0" Rotation="0" Interpolated="true"/>
					<Frame XPosition="0" YPosition="0" XPivot="200" YPivot="380" XCrop="0" YCrop="0" Width="400" Height="400" XScale="80" YScale="80" Delay="1" Visible="true" RedTint="255" GreenTint="255" BlueTint="255" AlphaTint="255" RedOffset="0" GreenOffset="0" BlueOffset="0" Rotation="0" Interpolated="false"/>
				</LayerAnimation>
			</LayerAnimations>
			<NullAnimations/>
			<Triggers/>
		</Animation>
	</Animations>
</AnimatedActor>
