<AnimatedActor>
	<Info CreatedBy="Temple9" CreatedOn="2022/4/27 0:20:39" Version="3" Fps="30"/>
	<Content>
		<Spritesheets>
			<Spritesheet Path="SphericGuardian.png" Id="0"/>
			<Spritesheet Path="SphericGuardian_ball1.png" Id="1"/>
			<Spritesheet Path="SphericGuardian_ball2.png" Id="2"/>
			<Spritesheet Path="SphericGuardian_ball3.png" Id="3"/>
		</Spritesheets>
		<Layers>
			<Layer Name="SphericGuardian" Id="0" SpritesheetId="0"/>
			<Layer Name="ball1" Id="1" SpritesheetId="1"/>
			<Layer Name="ball2" Id="2" SpritesheetId="2"/>
			<Layer Name="ball3" Id="3" SpritesheetId="3"/>
		</Layers>
		<Nulls/>
		<Events>
			<Event Name="loop" Id="0"/>
		</Events>
	</Content>
	<Animations DefaultAnimation="idle">
		<Animation Name="idle" FrameNum="60" Loop="true">
			<RootAnimation>
				<Frame XPosition="0" YPosition="0" XScale="100" YScale="100" Delay="60" Visible="true" RedTint="255" GreenTint="255" BlueTint="255" AlphaTint="255" RedOffset="0" GreenOffset="0" BlueOffset="0" Rotation="0" Interpolated="false"/>
			</RootAnimation>
			<LayerAnimations>
				<LayerAnimation LayerId="3" Visible="true">
					<Frame XPosition="10" YPosition="-20" XPivot="200" YPivot="200" XCrop="0" YCrop="0" Width="400" Height="400" XScale="100" YScale="100" Delay="19" Visible="true" RedTint="255" GreenTint="255" BlueTint="255" AlphaTint="255" RedOffset="0" GreenOffset="0" BlueOffset="0" Rotation="0" Interpolated="true"/>
					<Frame XPosition="-78" YPosition="-65" XPivot="200" YPivot="200" XCrop="0" YCrop="0" Width="400" Height="400" XScale="100" YScale="100" Delay="21" Visible="true" RedTint="255" GreenTint="255" BlueTint="255" AlphaTint="255" RedOffset="0" GreenOffset="0" BlueOffset="0" Rotation="-20" Interpolated="true"/>
					<Frame XPosition="-109" YPosition="175" XPivot="200" YPivot="200" XCrop="0" YCrop="0" Width="400" Height="400" XScale="100" YScale="100" Delay="19" Visible="true" RedTint="255" GreenTint="255" BlueTint="255" AlphaTint="255" RedOffset="0" GreenOffset="0" BlueOffset="0" Rotation="0" Interpolated="true"/>
					<Frame XPosition="10" YPosition="-20" XPivot="200" YPivot="200" XCrop="0" YCrop="0" Width="400" Height="400" XScale="100" YScale="100" Delay="1" Visible="true" RedTint="255" GreenTint="255" BlueTint="255" AlphaTint="255" RedOffset="0" GreenOffset="0" BlueOffset="0" Rotation="0" Interpolated="false"/>
				</LayerAnimation>
				<LayerAnimation LayerId="0" Visible="true">
					<Frame XPosition="0" YPosition="0" XPivot="200" YPivot="200" XCrop="0" YCrop="0" Width="400" Height="400" XScale="100" YScale="100" Delay="9" Visible="true" RedTint="255" GreenTint="255" BlueTint="255" AlphaTint="255" RedOffset="0" GreenOffset="0" BlueOffset="0" Rotation="0" Interpolated="true"/>
					<Frame XPosition="-10" YPosition="-15" XPivot="200" YPivot="200" XCrop="0" YCrop="0" Width="400" Height="400" XScale="100" YScale="100" Delay="10" Visible="true" RedTint="255" GreenTint="255" BlueTint="255" AlphaTint="255" RedOffset="0" GreenOffset="0" BlueOffset="0" Rotation="-10" Interpolated="true"/>
					<Frame XPosition="10" YPosition="-20" XPivot="200" YPivot="200" XCrop="0" YCrop="0" Width="400" Height="400" XScale="100" YScale="100" Delay="40" Visible="true" RedTint="255" GreenTint="255" BlueTint="255" AlphaTint="255" RedOffset="0" GreenOffset="0" BlueOffset="0" Rotation="0" Interpolated="true"/>
					<Frame XPosition="0" YPosition="0" XPivot="200" YPivot="200" XCrop="0" YCrop="0" Width="400" Height="400" XScale="100" YScale="100" Delay="1" Visible="true" RedTint="255" GreenTint="255" BlueTint="255" AlphaTint="255" RedOffset="0" GreenOffset="0" BlueOffset="0" Rotation="0" Interpolated="false"/>
				</LayerAnimation>
				<LayerAnimation LayerId="1" Visible="true">
					<Frame XPosition="-10" YPosition="-4" XPivot="200" YPivot="200" XCrop="0" YCrop="0" Width="400" Height="400" XScale="100" YScale="100" Delay="19" Visible="true" RedTint="255" GreenTint="255" BlueTint="255" AlphaTint="255" RedOffset="0" GreenOffset="0" BlueOffset="0" Rotation="0" Interpolated="true"/>
					<Frame XPosition="14" YPosition="141" XPivot="200" YPivot="200" XCrop="0" YCrop="0" Width="400" Height="400" XScale="100" YScale="100" Delay="21" Visible="true" RedTint="255" GreenTint="255" BlueTint="255" AlphaTint="255" RedOffset="0" GreenOffset="0" BlueOffset="0" Rotation="-5" Interpolated="true"/>
					<Frame XPosition="242" YPosition="8" XPivot="200" YPivot="200" XCrop="0" YCrop="0" Width="400" Height="400" XScale="100" YScale="100" Delay="19" Visible="true" RedTint="255" GreenTint="255" BlueTint="255" AlphaTint="255" RedOffset="0" GreenOffset="0" BlueOffset="0" Rotation="0" Interpolated="true"/>
					<Frame XPosition="-10" YPosition="-4" XPivot="200" YPivot="200" XCrop="0" YCrop="0" Width="400" Height="400" XScale="100" YScale="100" Delay="1" Visible="true" RedTint="255" GreenTint="255" BlueTint="255" AlphaTint="255" RedOffset="0" GreenOffset="0" BlueOffset="0" Rotation="0" Interpolated="false"/>
				</LayerAnimation>
				<LayerAnimation LayerId="2" Visible="true">
					<Frame XPosition="-40" YPosition="28" XPivot="200" YPivot="200" XCrop="0" YCrop="0" Width="400" Height="400" XScale="100" YScale="100" Delay="19" Visible="true" RedTint="255" GreenTint="255" BlueTint="255" AlphaTint="255" RedOffset="0" GreenOffset="0" BlueOffset="0" Rotation="0" Interpolated="true"/>
					<Frame XPosition="74" YPosition="-24" XPivot="200" YPivot="200" XCrop="0" YCrop="0" Width="400" Height="400" XScale="100" YScale="100" Delay="21" Visible="true" RedTint="255" GreenTint="255" BlueTint="255" AlphaTint="255" RedOffset="0" GreenOffset="0" BlueOffset="0" Rotation="-15" Interpolated="true"/>
					<Frame XPosition="-148" YPosition="-178" XPivot="200" YPivot="200" XCrop="0" YCrop="0" Width="400" Height="400" XScale="100" YScale="100" Delay="19" Visible="true" RedTint="255" GreenTint="255" BlueTint="255" AlphaTint="255" RedOffset="0" GreenOffset="0" BlueOffset="0" Rotation="0" Interpolated="true"/>
					<Frame XPosition="-40" YPosition="28" XPivot="200" YPivot="200" XCrop="0" YCrop="0" Width="400" Height="400" XScale="100" YScale="100" Delay="1" Visible="true" RedTint="255" GreenTint="255" BlueTint="255" AlphaTint="255" RedOffset="0" GreenOffset="0" BlueOffset="0" Rotation="0" Interpolated="false"/>
				</LayerAnimation>
			</LayerAnimations>
			<NullAnimations/>
			<Triggers/>
		</Animation>
		<Animation Name="attack" FrameNum="30" Loop="false">
			<RootAnimation>
				<Frame XPosition="0" YPosition="0" XScale="100" YScale="100" Delay="30" Visible="true" RedTint="255" GreenTint="255" BlueTint="255" AlphaTint="255" RedOffset="0" GreenOffset="0" BlueOffset="0" Rotation="0" Interpolated="false"/>
			</RootAnimation>
			<LayerAnimations>
				<LayerAnimation LayerId="3" Visible="true">
					<Frame XPosition="0" YPosition="0" XPivot="200" YPivot="200" XCrop="0" YCrop="0" Width="400" Height="400" XScale="100" YScale="100" Delay="9" Visible="true" RedTint="255" GreenTint="255" BlueTint="255" AlphaTint="255" RedOffset="0" GreenOffset="0" BlueOffset="0" Rotation="0" Interpolated="true"/>
					<Frame XPosition="111" YPosition="-5" XPivot="200" YPivot="200" XCrop="0" YCrop="0" Width="400" Height="400" XScale="100" YScale="100" Delay="7" Visible="true" RedTint="255" GreenTint="255" BlueTint="255" AlphaTint="255" RedOffset="0" GreenOffset="0" BlueOffset="0" Rotation="-20" Interpolated="true"/>
					<Frame XPosition="-429" YPosition="76" XPivot="200" YPivot="200" XCrop="0" YCrop="0" Width="400" Height="400" XScale="100" YScale="100" Delay="13" Visible="true" RedTint="255" GreenTint="255" BlueTint="255" AlphaTint="255" RedOffset="0" GreenOffset="0" BlueOffset="0" Rotation="0" Interpolated="true"/>
					<Frame XPosition="0" YPosition="0" XPivot="200" YPivot="200" XCrop="0" YCrop="0" Width="400" Height="400" XScale="100" YScale="100" Delay="1" Visible="true" RedTint="255" GreenTint="255" BlueTint="255" AlphaTint="255" RedOffset="0" GreenOffset="0" BlueOffset="0" Rotation="0" Interpolated="false"/>
				</LayerAnimation>
				<LayerAnimation LayerId="0" Visible="true">
					<Frame XPosition="0" YPosition="0" XPivot="200" YPivot="200" XCrop="0" YCrop="0" Width="400" Height="400" XScale="100" YScale="100" Delay="9" Visible="true" RedTint="255" GreenTint="255" BlueTint="255" AlphaTint="255" RedOffset="0" GreenOffset="0" BlueOffset="0" Rotation="0" Interpolated="true"/>
					<Frame XPosition="-10" YPosition="-15" XPivot="200" YPivot="200" XCrop="0" YCrop="0" Width="400" Height="400" XScale="100" YScale="100" Delay="4" Visible="true" RedTint="255" GreenTint="255" BlueTint="255" AlphaTint="255" RedOffset="0" GreenOffset="0" BlueOffset="0" Rotation="-10" Interpolated="true"/>
					<Frame XPosition="7" YPosition="11" XPivot="200" YPivot="200" XCrop="0" YCrop="0" Width="400" Height="400" XScale="100" YScale="100" Delay="16" Visible="true" RedTint="255" GreenTint="255" BlueTint="255" AlphaTint="255" RedOffset="0" GreenOffset="0" BlueOffset="0" Rotation="-60" Interpolated="true"/>
					<Frame XPosition="0" YPosition="0" XPivot="200" YPivot="200" XCrop="0" YCrop="0" Width="400" Height="400" XScale="100" YScale="100" Delay="1" Visible="true" RedTint="255" GreenTint="255" BlueTint="255" AlphaTint="255" RedOffset="0" GreenOffset="0" BlueOffset="0" Rotation="0" Interpolated="false"/>
				</LayerAnimation>
				<LayerAnimation LayerId="1" Visible="true">
					<Frame XPosition="0" YPosition="0" XPivot="200" YPivot="200" XCrop="0" YCrop="0" Width="400" Height="400" XScale="100" YScale="100" Delay="9" Visible="true" RedTint="255" GreenTint="255" BlueTint="255" AlphaTint="255" RedOffset="0" GreenOffset="0" BlueOffset="0" Rotation="0" Interpolated="true"/>
					<Frame XPosition="-20" YPosition="10" XPivot="200" YPivot="200" XCrop="0" YCrop="0" Width="400" Height="400" XScale="100" YScale="100" Delay="6" Visible="true" RedTint="255" GreenTint="255" BlueTint="255" AlphaTint="255" RedOffset="0" GreenOffset="0" BlueOffset="0" Rotation="-5" Interpolated="true"/>
					<Frame XPosition="106" YPosition="140" XPivot="200" YPivot="200" XCrop="0" YCrop="0" Width="400" Height="400" XScale="100" YScale="100" Delay="4" Visible="true" RedTint="255" GreenTint="255" BlueTint="255" AlphaTint="255" RedOffset="0" GreenOffset="0" BlueOffset="0" Rotation="0" Interpolated="true"/>
					<Frame XPosition="23" YPosition="52" XPivot="200" YPivot="200" XCrop="0" YCrop="0" Width="400" Height="400" XScale="100" YScale="100" Delay="10" Visible="true" RedTint="255" GreenTint="255" BlueTint="255" AlphaTint="255" RedOffset="0" GreenOffset="0" BlueOffset="0" Rotation="0" Interpolated="true"/>
					<Frame XPosition="0" YPosition="0" XPivot="200" YPivot="200" XCrop="0" YCrop="0" Width="400" Height="400" XScale="100" YScale="100" Delay="1" Visible="true" RedTint="255" GreenTint="255" BlueTint="255" AlphaTint="255" RedOffset="0" GreenOffset="0" BlueOffset="0" Rotation="0" Interpolated="false"/>
				</LayerAnimation>
				<LayerAnimation LayerId="2" Visible="true">
					<Frame XPosition="0" YPosition="0" XPivot="200" YPivot="200" XCrop="0" YCrop="0" Width="400" Height="400" XScale="100" YScale="100" Delay="9" Visible="true" RedTint="255" GreenTint="255" BlueTint="255" AlphaTint="255" RedOffset="0" GreenOffset="0" BlueOffset="0" Rotation="0" Interpolated="true"/>
					<Frame XPosition="23" YPosition="-77" XPivot="200" YPivot="200" XCrop="0" YCrop="0" Width="400" Height="400" XScale="100" YScale="100" Delay="4" Visible="true" RedTint="255" GreenTint="255" BlueTint="255" AlphaTint="255" RedOffset="0" GreenOffset="0" BlueOffset="0" Rotation="-15" Interpolated="true"/>
					<Frame XPosition="-347" YPosition="-67" XPivot="200" YPivot="200" XCrop="0" YCrop="0" Width="400" Height="400" XScale="100" YScale="100" Delay="16" Visible="true" RedTint="255" GreenTint="255" BlueTint="255" AlphaTint="255" RedOffset="0" GreenOffset="0" BlueOffset="0" Rotation="0" Interpolated="true"/>
					<Frame XPosition="0" YPosition="0" XPivot="200" YPivot="200" XCrop="0" YCrop="0" Width="400" Height="400" XScale="100" YScale="100" Delay="1" Visible="true" RedTint="255" GreenTint="255" BlueTint="255" AlphaTint="255" RedOffset="0" GreenOffset="0" BlueOffset="0" Rotation="0" Interpolated="false"/>
				</LayerAnimation>
			</LayerAnimations>
			<NullAnimations/>
			<Triggers>
				<Trigger EventId="0" AtFrame="29"/>
			</Triggers>
		</Animation>
	</Animations>
</AnimatedActor>
