<AnimatedActor>
	<Info CreatedBy="Unknown" CreatedOn="2022/5/1 13:26:40" Version="2" Fps="30"/>
	<Content>
		<Spritesheets>
			<Spritesheet Path="Spiker.png" Id="0"/>
		</Spritesheets>
		<Layers>
			<Layer Name="Spiker" Id="0" SpritesheetId="0"/>
		</Layers>
		<Nulls/>
		<Events/>
	</Content>
	<Animations DefaultAnimation="idle">
		<Animation Name="idle" FrameNum="60" Loop="true">
			<RootAnimation>
				<Frame XPosition="0" YPosition="0" XScale="100" YScale="100" Delay="60" Visible="true" RedTint="255" GreenTint="255" BlueTint="255" AlphaTint="255" RedOffset="0" GreenOffset="0" BlueOffset="0" Rotation="0" Interpolated="false"/>
			</RootAnimation>
			<LayerAnimations>
				<LayerAnimation LayerId="0" Visible="true">
					<Frame XPosition="30" YPosition="-120" XPivot="250" YPivot="200" XCrop="0" YCrop="0" Width="400" Height="400" XScale="100" YScale="100" Delay="24" Visible="true" RedTint="255" GreenTint="255" BlueTint="255" AlphaTint="255" RedOffset="0" GreenOffset="0" BlueOffset="0" Rotation="0" Interpolated="true"/>
					<Frame XPosition="30" YPosition="-110" XPivot="250" YPivot="200" XCrop="0" YCrop="0" Width="400" Height="400" XScale="100" YScale="100" Delay="7" Visible="true" RedTint="255" GreenTint="255" BlueTint="255" AlphaTint="255" RedOffset="0" GreenOffset="0" BlueOffset="0" Rotation="0" Interpolated="true"/>
					<Frame XPosition="30" YPosition="-113" XPivot="250" YPivot="200" XCrop="0" YCrop="0" Width="400" Height="400" XScale="90" YScale="100" Delay="4" Visible="true" RedTint="255" GreenTint="255" BlueTint="255" AlphaTint="255" RedOffset="0" GreenOffset="0" BlueOffset="0" Rotation="0" Interpolated="true"/>
					<Frame XPosition="30" YPosition="-115" XPivot="250" YPivot="200" XCrop="0" YCrop="0" Width="400" Height="400" XScale="110" YScale="100" Delay="7" Visible="true" RedTint="255" GreenTint="255" BlueTint="255" AlphaTint="255" RedOffset="0" GreenOffset="0" BlueOffset="0" Rotation="0" Interpolated="true"/>
					<Frame XPosition="30" YPosition="-117" XPivot="250" YPivot="200" XCrop="0" YCrop="0" Width="400" Height="400" XScale="100" YScale="100" Delay="17" Visible="true" RedTint="255" GreenTint="255" BlueTint="255" AlphaTint="255" RedOffset="0" GreenOffset="0" BlueOffset="0" Rotation="0" Interpolated="true"/>
					<Frame XPosition="30" YPosition="-120" XPivot="250" YPivot="200" XCrop="0" YCrop="0" Width="400" Height="400" XScale="100" YScale="100" Delay="1" Visible="true" RedTint="255" GreenTint="255" BlueTint="255" AlphaTint="255" RedOffset="0" GreenOffset="0" BlueOffset="0" Rotation="0" Interpolated="false"/>
				</LayerAnimation>
			</LayerAnimations>
			<NullAnimations/>
			<Triggers/>
		</Animation>
	</Animations>
</AnimatedActor>
