<AnimatedActor>
	<Info CreatedBy="Temple9" CreatedOn="2022/6/18 13:51:07" Version="1" Fps="30"/>
	<Content>
		<Spritesheets>
			<Spritesheet Path="TorchHead_body.png" Id="0"/>
			<Spritesheet Path="TorchHead_head.png" Id="1"/>
		</Spritesheets>
		<Layers>
			<Layer Name="head" Id="0" SpritesheetId="1"/>
			<Layer Name="body" Id="1" SpritesheetId="0"/>
		</Layers>
		<Nulls/>
		<Events/>
	</Content>
	<Animations DefaultAnimation="idle">
		<Animation Name="idle" FrameNum="60" Loop="true">
			<RootAnimation>
				<Frame XPosition="0" YPosition="0" XScale="100" YScale="100" Delay="60" Visible="true" RedTint="255" GreenTint="255" BlueTint="255" AlphaTint="255" RedOffset="0" GreenOffset="0" BlueOffset="0" Rotation="0" Interpolated="false"/>
			</RootAnimation>
			<LayerAnimations>
				<LayerAnimation LayerId="0" Visible="true">
					<Frame XPosition="0" YPosition="0" XPivot="265" YPivot="450" XCrop="0" YCrop="0" Width="450" Height="450" XScale="100" YScale="100" Delay="15" Visible="true" RedTint="255" GreenTint="255" BlueTint="255" AlphaTint="205" RedOffset="0" GreenOffset="0" BlueOffset="0" Rotation="0" Interpolated="true"/>
					<Frame XPosition="0" YPosition="-10" XPivot="265" YPivot="450" XCrop="0" YCrop="0" Width="450" Height="450" XScale="103" YScale="97" Delay="15" Visible="true" RedTint="255" GreenTint="255" BlueTint="255" AlphaTint="255" RedOffset="0" GreenOffset="0" BlueOffset="0" Rotation="0" Interpolated="true"/>
					<Frame XPosition="0" YPosition="0" XPivot="265" YPivot="450" XCrop="0" YCrop="0" Width="450" Height="450" XScale="100" YScale="100" Delay="15" Visible="true" RedTint="255" GreenTint="255" BlueTint="255" AlphaTint="205" RedOffset="0" GreenOffset="0" BlueOffset="0" Rotation="0" Interpolated="true"/>
					<Frame XPosition="0" YPosition="10" XPivot="265" YPivot="450" XCrop="0" YCrop="0" Width="450" Height="450" XScale="97" YScale="103" Delay="14" Visible="true" RedTint="255" GreenTint="255" BlueTint="255" AlphaTint="255" RedOffset="0" GreenOffset="0" BlueOffset="0" Rotation="0" Interpolated="true"/>
					<Frame XPosition="0" YPosition="0" XPivot="265" YPivot="450" XCrop="0" YCrop="0" Width="450" Height="450" XScale="100" YScale="100" Delay="1" Visible="true" RedTint="255" GreenTint="255" BlueTint="255" AlphaTint="205" RedOffset="0" GreenOffset="0" BlueOffset="0" Rotation="0" Interpolated="false"/>
				</LayerAnimation>
				<LayerAnimation LayerId="1" Visible="true">
					<Frame XPosition="0" YPosition="0" XPivot="265" YPivot="450" XCrop="0" YCrop="0" Width="450" Height="450" XScale="100" YScale="100" Delay="30" Visible="true" RedTint="255" GreenTint="255" BlueTint="255" AlphaTint="255" RedOffset="0" GreenOffset="0" BlueOffset="0" Rotation="0" Interpolated="true"/>
					<Frame XPosition="0" YPosition="0" XPivot="265" YPivot="450" XCrop="0" YCrop="0" Width="450" Height="450" XScale="105" YScale="96" Delay="29" Visible="true" RedTint="255" GreenTint="255" BlueTint="255" AlphaTint="185" RedOffset="0" GreenOffset="0" BlueOffset="0" Rotation="0" Interpolated="true"/>
					<Frame XPosition="0" YPosition="0" XPivot="265" YPivot="450" XCrop="0" YCrop="0" Width="450" Height="450" XScale="100" YScale="100" Delay="1" Visible="true" RedTint="255" GreenTint="255" BlueTint="255" AlphaTint="255" RedOffset="0" GreenOffset="0" BlueOffset="0" Rotation="0" Interpolated="false"/>
				</LayerAnimation>
			</LayerAnimations>
			<NullAnimations/>
			<Triggers/>
		</Animation>
	</Animations>
</AnimatedActor>
